index_type, nlist, nprobe, recall, query_per_sec, loss
IVF_SQ8,16384,1,24.88,16257.62238846467,7028257.622388464
IVF_SQ8,16384,1,24.88,20351.80746275899,7032351.807462759
IVF_SQ8,16384,1,24.88,20380.485908649174,7032380.485908649
IVF_SQ8,16384,1,24.88,21976.96620382499,7033976.966203825
IVF_SQ8,16384,1,24.88,21593.410214168038,7033593.410214168
IVF_SQ8,16384,1,24.88,22952.303819634453,7034952.303819634
IVF_SQ8,16384,1,24.88,21929.854648122975,7033929.854648123
IVF_SQ8,16384,1,24.88,19108.44646924829,7031108.446469248
IVF_SQ8,16384,1,24.88,21729.89327530826,7033729.893275308
IVF_SQ8,16384,1,24.88,19284.15632183908,7031284.156321839
IVF_SQ8,16384,1,24.88,22032.37905132111,7034032.379051321
IVF_SQ8,16384,101,99.49,12338.36559392834,12342.85559392834
IVF_SQ8,16384,1,24.88,21663.674396983628,7033663.674396983
IVF_SQ8,16384,101,99.49,12576.623688155922,12581.113688155921
IVF_SQ8,16384,1,24.88,22651.09899011719,7034651.098990117
IVF_SQ8,16384,101,99.49,12498.298519026193,12502.788519026193
IVF_SQ8,16384,1,24.88,21184.423455730088,7033184.42345573
IVF_SQ8,16384,101,99.49,12587.94717887155,12592.437178871549
IVF_SQ8,16384,1,24.88,21615.66687280973,7033615.66687281
IVF_SQ8,16384,101,99.49,12581.150638910553,12585.640638910552
IVF_SQ8,16384,1,24.88,21085.381057711642,7033085.381057711
IVF_SQ8,16384,101,99.49,12563.06236146888,12567.55236146888
IVF_SQ8,16384,1,24.88,22889.674743505784,7034889.674743506
IVF_SQ8,16384,101,99.49,12758.339163498098,12762.829163498098
IVF_SQ8,16384,1,24.88,21303.860219422997,7033303.860219423
IVF_SQ8,16384,101,99.49,10345.32225045014,10349.812250450139
IVF_SQ8,16384,1,24.88,20320.25580156,7032320.25580156
IVF_SQ8,16384,101,99.49,12154.232229273523,12158.722229273522
IVF_SQ8,16384,1,24.88,21282.24071443069,7033282.240714431
IVF_SQ8,16384,101,99.49,11604.426737494467,11608.916737494466
IVF_SQ8,16384,1,24.88,20607.792463027563,7032607.792463028
IVF_SQ8,16384,101,99.49,10812.569926013766,10817.059926013766
IVF_SQ8,16384,201,99.49,7463.57278858302,7468.06278858302
IVF_SQ8,16384,1,24.88,19539.290040063355,7031539.290040064
IVF_SQ8,16384,101,99.49,10321.645831282607,10326.135831282607
IVF_SQ8,16384,201,99.49,8275.89037311813,8280.38037311813
IVF_SQ8,16384,1,24.88,21214.42516817561,7033214.425168175
IVF_SQ8,16384,101,99.49,10514.411772078915,10518.901772078914
IVF_SQ8,16384,201,99.49,8312.630556711656,8317.120556711656
IVF_SQ8,16384,1,24.88,16297.419956481193,7028297.419956481
IVF_SQ8,16384,101,99.49,9769.872586243042,9774.362586243042
IVF_SQ8,16384,201,99.49,6657.73107509643,6662.22107509643
IVF_SQ8,16384,1,24.88,17001.637616538304,7029001.637616538
IVF_SQ8,16384,101,99.49,11256.854535695116,11261.344535695116
IVF_SQ8,16384,201,99.49,8594.709124813016,8599.199124813016
IVF_SQ8,16384,1,24.88,18531.80753766624,7030531.8075376665
IVF_SQ8,16384,101,99.49,12070.634281109704,12075.124281109704
IVF_SQ8,16384,201,99.49,8956.255471802866,8960.745471802866
IVF_SQ8,16384,1,24.88,20612.8563003735,7032612.856300374
IVF_SQ8,16384,101,99.49,12086.983084060977,12091.473084060977
IVF_SQ8,16384,201,99.49,8971.773262032086,8976.263262032086
IVF_SQ8,16384,1,24.88,20644.30772259684,7032644.307722596
IVF_SQ8,16384,101,99.49,12182.474077086177,12186.964077086177
IVF_SQ8,16384,201,99.49,8943.841692255202,8948.331692255202
IVF_SQ8,16384,1,24.88,18082.79370553999,7030082.79370554
IVF_SQ8,16384,101,99.49,12365.283018867925,12369.773018867925
IVF_SQ8,16384,201,99.49,8987.152346260982,8991.642346260982
IVF_SQ8,16384,1,24.88,21023.026414716056,7033023.026414716
IVF_SQ8,16384,101,99.49,10933.201261632303,10937.691261632302
IVF_SQ8,16384,201,99.49,6448.013774443488,6452.503774443488
IVF_SQ8,16384,1,24.88,20772.107765451663,7032772.107765452
IVF_SQ8,16384,101,99.49,8629.544893424409,8634.034893424408
IVF_SQ8,16384,201,99.49,9225.346970196855,9229.836970196855
IVF_SQ8,16384,301,99.49,7737.426210153483,7741.916210153483
IVF_SQ8,16384,1,24.88,20825.73982125124,7032825.7398212515
IVF_SQ8,16384,101,99.49,12144.730136668983,12149.220136668982
IVF_SQ8,16384,201,99.49,9321.089826214498,9325.579826214498
IVF_SQ8,16384,301,99.49,7860.2424992035385,7864.732499203538
IVF_SQ8,16384,1,24.88,20661.5960591133,7032661.596059114
IVF_SQ8,16384,101,99.49,11725.431215230214,11729.921215230213
IVF_SQ8,16384,201,99.49,9292.179538304754,9296.669538304754
IVF_SQ8,16384,301,99.49,7805.825098170584,7810.315098170584
IVF_SQ8,16384,1,24.88,20498.015834229303,7032498.015834229
IVF_SQ8,16384,101,99.49,12185.659500290529,12190.149500290529
IVF_SQ8,16384,201,99.49,9191.584852734923,9196.074852734922
IVF_SQ8,16384,301,99.49,7830.891880286029,7835.381880286029
IVF_SQ8,16384,1,24.88,20838.155802861686,7032838.155802862
IVF_SQ8,16384,101,99.49,11613.744981309705,11618.234981309704
IVF_SQ8,16384,201,99.49,9204.292391757555,9208.782391757555
IVF_SQ8,16384,301,99.49,7813.823167778233,7818.313167778233
IVF_SQ8,16384,1,24.88,20843.333498981265,7032843.333498981
IVF_SQ8,16384,101,99.49,12409.917746612226,12414.407746612225
IVF_SQ8,16384,201,99.49,9157.26917450822,9161.759174508219
IVF_SQ8,16384,301,99.49,7816.88130160091,7821.37130160091
IVF_SQ8,16384,1,24.88,21253.123891563213,7033253.123891563
IVF_SQ8,16384,101,99.49,12596.642340150764,12601.132340150763
IVF_SQ8,16384,201,99.49,9182.127454629042,9186.617454629042
IVF_SQ8,16384,301,99.49,6418.903325528366,6423.3933255283655
IVF_SQ8,16384,1,24.88,21142.77648956548,7033142.776489565
IVF_SQ8,16384,101,99.49,10537.393226811375,10541.883226811375
IVF_SQ8,16384,201,99.49,9107.756449231303,9112.246449231303
IVF_SQ8,16384,301,99.49,6382.372901988831,6386.86290198883
IVF_SQ8,16384,1,24.88,20677.89390652731,7032677.893906527
IVF_SQ8,16384,101,99.49,10732.06079525101,10736.55079525101
IVF_SQ8,16384,201,99.49,8674.16139305952,8678.65139305952
IVF_SQ8,16384,301,99.49,6127.007128666589,6131.497128666589
IVF_SQ8,16384,1,24.88,21410.433894844307,7033410.433894845
IVF_SQ8,16384,101,99.49,9928.991785621287,9933.481785621287
IVF_SQ8,16384,201,99.49,8760.582325542537,8765.072325542536
IVF_SQ8,16384,301,99.49,6425.590195327461,6430.08019532746
IVF_SQ8,16384,1,24.88,18774.020858511256,7030774.020858511
IVF_SQ8,16384,101,99.49,11457.655639631765,11462.145639631764
IVF_SQ8,16384,201,99.49,8870.638495865322,8875.128495865321
IVF_SQ8,16384,301,99.49,7610.923805549003,7615.413805549003
IVF_SQ8,16384,401,99.49,7581.894432393347,7586.384432393347
IVF_SQ8,16384,1,24.88,18559.68848179123,7030559.688481791
IVF_SQ8,16384,101,99.49,12306.14675938151,12310.63675938151
IVF_SQ8,16384,201,99.49,9108.349801298617,9112.839801298616
IVF_SQ8,16384,301,99.49,7587.380607814761,7591.870607814761
IVF_SQ8,16384,401,99.49,7698.089382398825,7702.579382398825
IVF_SQ8,16384,1,24.88,22114.858167246653,7034114.858167247
IVF_SQ8,16384,101,99.49,10779.224383850325,10783.714383850325
IVF_SQ8,16384,201,99.49,7191.016167469611,7195.506167469611
IVF_SQ8,16384,301,99.49,6185.832903178231,6190.322903178231
IVF_SQ8,16384,401,99.49,6230.120464031609,6234.610464031609
IVF_SQ8,16384,1,24.88,21256.355159132374,7033256.355159133
IVF_SQ8,16384,101,99.49,10375.520098948671,10380.010098948671
IVF_SQ8,16384,201,99.49,9319.432964493622,9323.922964493622
IVF_SQ8,16384,301,99.49,7513.038493918713,7517.528493918713
IVF_SQ8,16384,401,99.49,6036.706966033391,6041.196966033391
IVF_SQ8,16384,1,24.88,21625.697344676464,7033625.697344677
IVF_SQ8,16384,101,99.49,12468.575165730254,12473.065165730253
IVF_SQ8,16384,201,99.49,8980.0329715032,8984.5229715032
IVF_SQ8,16384,301,99.49,5955.111313039528,5959.601313039528
IVF_SQ8,16384,401,99.49,7351.592379016002,7356.082379016002
IVF_SQ8,16384,1,24.88,21509.251282051282,7033509.251282051
IVF_SQ8,16384,101,99.49,10782.549679940359,10787.039679940359
IVF_SQ8,16384,201,99.49,8512.550738756292,8517.040738756292
IVF_SQ8,16384,301,99.49,7528.54681217691,7533.03681217691
IVF_SQ8,16384,401,99.49,7701.906056043189,7706.396056043189
IVF_SQ8,16384,1,24.88,19626.14758317346,7031626.147583174
IVF_SQ8,16384,101,99.49,11986.465477823502,11990.955477823501
IVF_SQ8,16384,201,99.49,9050.371137579838,9054.861137579837
IVF_SQ8,16384,301,99.49,7729.013949545764,7733.503949545764
IVF_SQ8,16384,401,99.49,7808.586215884127,7813.076215884127
IVF_SQ8,16384,1,24.88,20452.038228983813,7032452.038228984
IVF_SQ8,16384,101,99.49,12034.614943188339,12039.104943188338
IVF_SQ8,16384,201,99.49,9000.84551170626,9005.33551170626
IVF_SQ8,16384,301,99.49,7452.168505587833,7456.658505587833
IVF_SQ8,16384,401,99.49,7579.83916147104,7584.32916147104
IVF_SQ8,16384,1,24.88,19894.24654935256,7031894.246549353
IVF_SQ8,16384,101,99.49,12304.702672573121,12309.192672573121
IVF_SQ8,16384,201,99.49,9122.415068076036,9126.905068076036
IVF_SQ8,16384,301,99.49,7689.057544592934,7693.547544592934
IVF_SQ8,16384,401,99.49,7624.34377953901,7628.83377953901
IVF_SQ8,16384,1,24.88,20298.620723031505,7032298.620723031
IVF_SQ8,16384,101,99.49,9949.010863892974,9953.500863892974
IVF_SQ8,16384,201,99.49,7838.355447579892,7842.845447579892
IVF_SQ8,16384,301,99.49,5070.115803979402,5074.605803979402
IVF_SQ8,16384,401,99.49,7649.651650556265,7654.141650556265
IVF_SQ8,16384,1,24.88,21471.813248694583,7033471.813248695
IVF_SQ8,16384,101,99.49,12030.472693896283,12034.962693896283
IVF_SQ8,16384,201,99.49,8995.247490778072,8999.737490778072
IVF_SQ8,16384,301,99.49,7623.096635829956,7627.586635829955
IVF_SQ8,16384,401,99.49,7449.653653511421,7454.143653511421
IVF_SQ8,16384,501,99.49,7493.977022994872,7498.4670229948715
IVF_SQ8,16384,1,24.88,21366.805909322466,7033366.805909323
IVF_SQ8,16384,101,99.49,11865.410619819513,11869.900619819513
IVF_SQ8,16384,201,99.49,8906.616835131232,8911.106835131231
IVF_SQ8,16384,301,99.49,7637.115804806992,7641.605804806992
IVF_SQ8,16384,401,99.49,7586.831633022212,7591.321633022212
IVF_SQ8,16384,501,99.49,7602.784222737819,7607.2742227378185
IVF_SQ8,16384,1,24.88,20929.660678642715,7032929.660678643
IVF_SQ8,16384,101,99.49,8418.747114670521,8423.23711467052
IVF_SQ8,16384,201,99.49,6971.103761197999,6975.593761197999
IVF_SQ8,16384,301,99.49,5998.461164423723,6002.951164423723
IVF_SQ8,16384,401,99.49,7857.739143467346,7862.229143467346
IVF_SQ8,16384,501,99.49,7891.892298718648,7896.382298718648
IVF_SQ8,16384,1,24.88,21207.989078222177,7033207.989078222
IVF_SQ8,16384,101,99.49,12302.537177719767,12307.027177719767
IVF_SQ8,16384,201,99.49,9251.392902044687,9255.882902044686
IVF_SQ8,16384,301,99.49,7791.759242058331,7796.249242058331
IVF_SQ8,16384,401,99.49,7798.858332868485,7803.348332868485
IVF_SQ8,16384,501,99.49,7538.559976994141,7543.049976994141
IVF_SQ8,16384,1,24.88,20619.949854972714,7032619.949854973
IVF_SQ8,16384,101,99.49,12210.136531687578,12214.626531687578
IVF_SQ8,16384,201,99.49,8478.651276557035,8483.141276557035
IVF_SQ8,16384,301,99.49,7270.039692857019,7274.529692857019
IVF_SQ8,16384,401,99.49,7213.276695272327,7217.766695272327
IVF_SQ8,16384,501,99.49,7301.425711550179,7305.9157115501785
IVF_SQ8,16384,1,24.88,18595.07004788083,7030595.0700478805
IVF_SQ8,16384,101,99.49,11079.335393718467,11083.825393718467
IVF_SQ8,16384,201,99.49,9197.02664181559,9201.51664181559
IVF_SQ8,16384,301,99.49,7397.361552028218,7401.851552028218
IVF_SQ8,16384,401,99.49,7548.59981282845,7553.08981282845
IVF_SQ8,16384,501,99.49,7445.818465853616,7450.308465853615
IVF_SQ8,16384,1,24.88,19686.02271660565,7031686.022716606
IVF_SQ8,16384,101,99.49,11593.520924318647,11598.010924318647
IVF_SQ8,16384,201,99.49,8566.097541050567,8570.587541050567
IVF_SQ8,16384,301,99.49,7382.128588274636,7386.618588274636
IVF_SQ8,16384,401,99.49,6074.123848693738,6078.613848693738
IVF_SQ8,16384,501,99.49,7297.868564369356,7302.358564369356
IVF_SQ8,16384,1,24.88,19650.053876786133,7031650.0538767865
IVF_SQ8,16384,101,99.49,10406.927524005658,10411.417524005657
IVF_SQ8,16384,201,99.49,8833.275066866036,8837.765066866035
IVF_SQ8,16384,301,99.49,7772.843349826727,7777.333349826727
IVF_SQ8,16384,401,99.49,5842.5441223585785,5847.034122358578
IVF_SQ8,16384,501,99.49,5530.537058769235,5535.027058769235
IVF_SQ8,16384,1,24.88,20142.64995437737,7032142.649954378
IVF_SQ8,16384,101,99.49,12068.550382689762,12073.040382689762
IVF_SQ8,16384,201,99.49,7145.200252125177,7149.690252125177
IVF_SQ8,16384,301,99.49,7051.146526797122,7055.636526797121
IVF_SQ8,16384,401,99.49,7065.7569784875595,7070.246978487559
IVF_SQ8,16384,501,99.49,7570.262611677646,7574.752611677646
IVF_SQ8,16384,1,24.88,20010.992366412214,7032010.992366413
IVF_SQ8,16384,101,99.49,11009.538808830092,11014.028808830091
IVF_SQ8,16384,201,99.49,8938.504816298695,8942.994816298695
IVF_SQ8,16384,301,99.49,7561.391743284658,7565.881743284658
IVF_SQ8,16384,401,99.49,7408.075170440496,7412.565170440495
IVF_SQ8,16384,501,99.49,7530.439154009121,7534.929154009121
IVF_SQ8,16384,1,24.88,18189.44446853723,7030189.444468537
IVF_SQ8,16384,101,99.49,11472.385120350109,11476.875120350109
IVF_SQ8,16384,201,99.49,8154.571789637406,8159.061789637406
IVF_SQ8,16384,301,99.49,5861.814319455509,5866.304319455508
IVF_SQ8,16384,401,99.49,5842.5441223585785,5847.034122358578
IVF_SQ8,16384,501,99.49,7408.467720568754,7412.957720568754
IVF_SQ8,16384,601,99.49,7460.386688248163,7464.876688248163
IVF_SQ8,16384,1,24.88,19355.34840793724,7031355.348407937
IVF_SQ8,16384,101,99.49,11301.137037236622,11305.627037236622
IVF_SQ8,16384,201,99.49,8938.504816298695,8942.994816298695
IVF_SQ8,16384,301,99.49,7616.728712295931,7621.21871229593
IVF_SQ8,16384,401,99.49,7468.75600982941,7473.24600982941
IVF_SQ8,16384,501,99.49,7539.373022720736,7543.863022720736
IVF_SQ8,16384,601,99.49,7554.310003241958,7558.800003241958
IVF_SQ8,16384,1,24.88,21230.532496456774,7033230.532496457
IVF_SQ8,16384,101,99.49,12234.712093810163,12239.202093810163
IVF_SQ8,16384,201,99.49,9096.102882175619,9100.592882175619
IVF_SQ8,16384,301,99.49,7617.5587076151905,7622.04870761519
IVF_SQ8,16384,401,99.49,7564.119026149684,7568.609026149684
IVF_SQ8,16384,501,99.49,7531.385681707996,7535.875681707996
IVF_SQ8,16384,601,99.49,7591.363052252448,7595.853052252448
IVF_SQ8,16384,1,24.88,20292.72824035996,7032292.72824036
IVF_SQ8,16384,101,99.49,12389.389732380221,12393.879732380221
IVF_SQ8,16384,201,99.49,9229.000814135146,9233.490814135146
IVF_SQ8,16384,301,99.49,7737.283476913428,7741.773476913428
IVF_SQ8,16384,401,99.49,7703.320599471055,7707.810599471055
IVF_SQ8,16384,501,99.49,7770.683266637024,7775.1732666370235
IVF_SQ8,16384,601,99.49,7636.281542438918,7640.771542438918
IVF_SQ8,16384,1,24.88,21442.17575788559,7033442.175757886
IVF_SQ8,16384,101,99.49,12348.173226955574,12352.663226955574
IVF_SQ8,16384,201,99.49,8922.3425301538,8926.8325301538
IVF_SQ8,16384,301,99.49,7629.336437718277,7633.826437718277
IVF_SQ8,16384,401,99.49,7694.982295851909,7699.472295851909
IVF_SQ8,16384,501,99.49,7708.700606506157,7713.190606506157
IVF_SQ8,16384,601,99.49,7885.364065349401,7889.854065349401
IVF_SQ8,16384,1,24.88,18281.410451989712,7030281.41045199
IVF_SQ8,16384,101,99.49,10403.571782914973,10408.061782914972
IVF_SQ8,16384,201,99.49,6072.804667931139,6077.294667931139
IVF_SQ8,16384,301,99.49,6383.635699500792,6388.125699500792
IVF_SQ8,16384,401,99.49,7851.708193713847,7856.198193713847
IVF_SQ8,16384,501,99.49,7762.4858882534745,7766.975888253474
IVF_SQ8,16384,601,99.49,7734.287294855246,7738.777294855246
IVF_SQ8,16384,1,24.88,20817.470716696447,7032817.470716696
IVF_SQ8,16384,101,99.49,12371.483349556087,12375.973349556087
IVF_SQ8,16384,201,99.49,9090.779834409814,9095.269834409813
IVF_SQ8,16384,301,99.49,7711.3934290599545,7715.883429059954
IVF_SQ8,16384,401,99.49,7559.3475714156975,7563.837571415697
IVF_SQ8,16384,501,99.49,7730.011057869518,7734.501057869517
IVF_SQ8,16384,601,99.49,7631.835219622257,7636.325219622257
IVF_SQ8,16384,1,24.88,21155.573489357408,7033155.573489358
IVF_SQ8,16384,101,99.49,12170.102135561745,12174.592135561745
IVF_SQ8,16384,201,99.49,8892.265943012211,8896.755943012211
IVF_SQ8,16384,301,99.49,5952.49137845394,5956.98137845394
IVF_SQ8,16384,401,99.49,5557.06241636525,5561.55241636525
IVF_SQ8,16384,501,99.49,6079.141966809189,6083.631966809189
IVF_SQ8,16384,601,99.49,7688.634697169673,7693.124697169673
IVF_SQ8,16384,1,24.88,21084.3211179812,7033084.321117981
IVF_SQ8,16384,101,99.49,10559.943603816813,10564.433603816813
IVF_SQ8,16384,201,99.49,8680.444545623875,8684.934545623875
IVF_SQ8,16384,301,99.49,7804.953571893783,7809.443571893783
IVF_SQ8,16384,401,99.49,7757.604453733331,7762.094453733331
IVF_SQ8,16384,501,99.49,7796.538840455787,7801.028840455787
IVF_SQ8,16384,601,99.49,7151.169610584464,7155.659610584464
IVF_SQ8,16384,1,24.88,21240.20863928698,7033240.208639287
IVF_SQ8,16384,101,99.49,11623.400304835804,11627.890304835804
IVF_SQ8,16384,201,99.49,8807.862242755145,8812.352242755145
IVF_SQ8,16384,301,99.49,7648.954135132671,7653.44413513267
IVF_SQ8,16384,401,99.49,7780.77393982117,7785.2639398211695
IVF_SQ8,16384,501,99.49,5908.635505592652,5913.125505592652
IVF_SQ8,16384,601,99.49,7354.170392579735,7358.660392579734
IVF_SQ8,16384,1,24.88,20879.649542015133,7032879.649542015
IVF_SQ8,16384,101,99.49,11382.409291975358,11386.899291975358
IVF_SQ8,16384,201,99.49,8753.086522809801,8757.5765228098
IVF_SQ8,16384,301,99.49,7458.131512500445,7462.621512500445
IVF_SQ8,16384,401,99.49,7664.749095427798,7669.239095427798
IVF_SQ8,16384,501,99.49,7710.9681214839875,7715.458121483987
IVF_SQ8,16384,601,99.49,7694.841124238644,7699.3311242386435
IVF_SQ8,16384,701,99.49,7735.428423886983,7739.918423886983
IVF_SQ8,16384,1,24.88,20973.617361736175,7032973.6173617365
IVF_SQ8,16384,101,99.49,11776.790678085077,11781.280678085077
IVF_SQ8,16384,201,99.49,8293.72775448865,8298.217754488649
IVF_SQ8,16384,301,99.49,7639.897996357013,7644.3879963570125
IVF_SQ8,16384,401,99.49,6852.990000653552,6857.4800006535515
IVF_SQ8,16384,501,99.49,7340.142102131532,7344.632102131532
IVF_SQ8,16384,601,99.49,7140.091585380385,7144.581585380385
IVF_SQ8,16384,701,99.49,5581.837055175534,5586.327055175534
IVF_SQ8,16384,1,24.88,20394.359622678207,7032394.359622678
IVF_SQ8,16384,101,99.49,10241.250152606519,10245.740152606519
IVF_SQ8,16384,201,99.49,9140.306834030684,9144.796834030683
IVF_SQ8,16384,301,99.49,7514.923046602046,7519.413046602046
IVF_SQ8,16384,401,99.49,7664.749095427798,7669.239095427798
IVF_SQ8,16384,501,99.49,7837.183751261258,7841.673751261258
IVF_SQ8,16384,601,99.49,7409.2529456446855,7413.742945644685
IVF_SQ8,16384,701,99.49,7783.806254059571,7788.296254059571
IVF_SQ8,16384,1,24.88,21587.85320912039,7033587.85320912
IVF_SQ8,16384,101,99.49,12418.736306034227,12423.226306034227
IVF_SQ8,16384,201,99.49,9260.17574071621,9264.66574071621
IVF_SQ8,16384,301,99.49,7925.8942912753455,7930.384291275345
IVF_SQ8,16384,401,99.49,7635.030490579776,7639.5204905797755
IVF_SQ8,16384,501,99.49,7538.424486421395,7542.914486421395
IVF_SQ8,16384,601,99.49,7561.5280607186,7566.018060718599
IVF_SQ8,16384,701,99.49,5904.642847087311,5909.13284708731
IVF_SQ8,16384,1,24.88,20556.283081748676,7032556.2830817485
IVF_SQ8,16384,101,99.49,10156.929410340235,10161.419410340235
IVF_SQ8,16384,201,99.49,9174.896642239964,9179.386642239964
IVF_SQ8,16384,301,99.49,7575.047859851906,7579.5378598519055
IVF_SQ8,16384,401,99.49,7566.029295042932,7570.519295042932
IVF_SQ8,16384,501,99.49,7552.677638923902,7557.167638923902
IVF_SQ8,16384,601,99.49,7555.262541655408,7559.752541655408
IVF_SQ8,16384,701,99.49,7514.384506512353,7518.874506512353
IVF_SQ8,16384,1,24.88,20512.050078247263,7032512.050078248
IVF_SQ8,16384,101,99.49,11894.348183648584,11898.838183648584
IVF_SQ8,16384,201,99.49,8913.241388103788,8917.731388103788
IVF_SQ8,16384,301,99.49,7513.173073478308,7517.6630734783075
IVF_SQ8,16384,401,99.49,7593.149643361454,7597.639643361454
IVF_SQ8,16384,501,99.49,7786.262716269399,7790.752716269399
IVF_SQ8,16384,601,99.49,7857.150350305346,7861.640350305346
IVF_SQ8,16384,701,99.49,7790.746141129706,7795.236141129706
IVF_SQ8,16384,1,24.88,20678.913375733373,7032678.913375733
IVF_SQ8,16384,101,99.49,12360.910055404927,12365.400055404927
IVF_SQ8,16384,201,99.49,9084.872639057356,9089.362639057355
IVF_SQ8,16384,301,99.49,7849.357162908206,7853.847162908206
IVF_SQ8,16384,401,99.49,7890.407660326956,7894.897660326956
IVF_SQ8,16384,501,99.49,7762.773222779516,7767.263222779516
IVF_SQ8,16384,601,99.49,7806.11565018332,7810.60565018332
IVF_SQ8,16384,701,99.49,7679.343806071259,7683.833806071259
IVF_SQ8,16384,1,24.88,20558.29820605823,7032558.298206058
IVF_SQ8,16384,101,99.49,12265.481342847117,12269.971342847117
IVF_SQ8,16384,201,99.49,8828.998442302025,8833.488442302025
IVF_SQ8,16384,301,99.49,6822.336082239464,6826.826082239464
IVF_SQ8,16384,401,99.49,7501.482660561945,7505.972660561944
IVF_SQ8,16384,501,99.49,7653.141136757595,7657.6311367575945
IVF_SQ8,16384,601,99.49,7756.456773000462,7760.946773000462
IVF_SQ8,16384,701,99.49,6956.535584562055,6961.025584562055
IVF_SQ8,16384,1,24.88,18733.77104828264,7030733.771048282
IVF_SQ8,16384,101,99.49,9284.568898727171,9289.058898727171
IVF_SQ8,16384,201,99.49,6524.240915878547,6528.7309158785465
IVF_SQ8,16384,301,99.49,5970.454513103016,5974.944513103016
IVF_SQ8,16384,401,99.49,7645.050398264769,7649.540398264769
IVF_SQ8,16384,501,99.49,7605.679366057991,7610.16936605799
IVF_SQ8,16384,601,99.49,7505.106824607236,7509.596824607236
IVF_SQ8,16384,701,99.49,7431.438695960312,7435.928695960311
IVF_SQ8,16384,1,24.88,19192.38583325707,7031192.385833257
IVF_SQ8,16384,101,99.49,11742.172452407614,11746.662452407614
IVF_SQ8,16384,201,99.49,8789.957457509901,8794.447457509901
IVF_SQ8,16384,301,99.49,7478.3439717576575,7482.833971757657
IVF_SQ8,16384,401,99.49,7529.898387849628,7534.388387849628
IVF_SQ8,16384,501,99.49,7232.556214650296,7237.046214650296
IVF_SQ8,16384,601,99.49,7454.420076067252,7458.910076067252
IVF_SQ8,16384,701,99.49,6876.3591055151155,6880.849105515115
IVF_SQ8,16384,1,24.88,20743.343224530166,7032743.34322453
IVF_SQ8,16384,101,99.49,10116.263476520104,10120.753476520104
IVF_SQ8,16384,201,99.49,6807.498417541752,6811.988417541752
IVF_SQ8,16384,301,99.49,7577.3743067223095,7581.864306722309
IVF_SQ8,16384,401,99.49,6625.75865282846,6630.24865282846
IVF_SQ8,16384,501,99.49,7672.74124211104,7677.23124211104
IVF_SQ8,16384,601,99.49,7290.004345181194,7294.494345181194
IVF_SQ8,16384,701,99.49,7621.434412080025,7625.924412080025
IVF_SQ8,16384,801,99.49,7620.1882199048,7624.678219904799
IVF_SQ8,16384,1,24.88,21169.454398627164,7033169.454398627
IVF_SQ8,16384,101,99.49,12132.434699603715,12136.924699603715
IVF_SQ8,16384,201,99.49,7190.769600027431,7195.259600027431
IVF_SQ8,16384,301,99.49,7307.02252573997,7311.5125257399695
IVF_SQ8,16384,401,99.49,7600.028991809813,7604.518991809813
IVF_SQ8,16384,501,99.49,7504.972533862973,7509.462533862973
IVF_SQ8,16384,601,99.49,7451.5065378055715,7455.996537805571
IVF_SQ8,16384,701,99.49,7226.9483260678535,7231.438326067853
IVF_SQ8,16384,801,99.49,7397.100631371028,7401.5906313710275
IVF_SQ8,16384,1,24.88,19200.292973220417,7031200.29297322
IVF_SQ8,16384,101,99.49,11244.179936732615,11248.669936732615
IVF_SQ8,16384,201,99.49,8773.593272810944,8778.083272810944
IVF_SQ8,16384,301,99.49,7462.776008398128,7467.266008398128
IVF_SQ8,16384,401,99.49,7267.898111245885,7272.388111245885
IVF_SQ8,16384,501,99.49,7112.123986841659,7116.6139868416585
IVF_SQ8,16384,601,99.49,7520.1778606519165,7524.667860651916
IVF_SQ8,16384,701,99.49,7473.546915648052,7478.036915648052
IVF_SQ8,16384,801,99.49,7531.5209193751125,7536.010919375112
IVF_SQ8,16384,1,24.88,17880.05797595703,7029880.057975957
IVF_SQ8,16384,101,99.49,11024.296903748094,11028.786903748094
IVF_SQ8,16384,201,99.49,8670.933597949226,8675.423597949226
IVF_SQ8,16384,301,99.49,7350.561679606036,7355.051679606036
IVF_SQ8,16384,401,99.49,7317.603545134164,7322.093545134164
IVF_SQ8,16384,501,99.49,4798.261128207475,4802.751128207475
IVF_SQ8,16384,601,99.49,5768.855390201634,5773.345390201634
IVF_SQ8,16384,701,99.49,7497.325897325897,7501.815897325897
IVF_SQ8,16384,801,99.49,7664.048824163576,7668.538824163576
IVF_SQ8,16384,1,24.88,20926.527964875517,7032926.527964875
IVF_SQ8,16384,101,99.49,12568.332734028527,12572.822734028527
IVF_SQ8,16384,201,99.49,9109.734590156813,9114.224590156813
IVF_SQ8,16384,301,99.49,7853.913564527002,7858.403564527001
IVF_SQ8,16384,401,99.49,7943.908028561147,7948.398028561147
IVF_SQ8,16384,501,99.49,7455.215072875933,7459.705072875933
IVF_SQ8,16384,601,99.49,7498.398169336385,7502.888169336385
IVF_SQ8,16384,701,99.49,7730.153522917857,7734.643522917857
IVF_SQ8,16384,801,99.49,7958.831119544592,7963.321119544592
IVF_SQ8,16384,1,24.88,21789.724141513845,7033789.724141514
IVF_SQ8,16384,101,99.49,11406.864291542019,11411.354291542018
IVF_SQ8,16384,201,99.49,8581.34500889989,8585.83500889989
IVF_SQ8,16384,301,99.49,6044.972256251352,6049.462256251351
IVF_SQ8,16384,401,99.49,5051.126606211688,5055.616606211688
IVF_SQ8,16384,501,99.49,6256.793364759234,6261.283364759233
IVF_SQ8,16384,601,99.49,7377.194617887609,7381.6846178876085
IVF_SQ8,16384,701,99.49,7237.173669226124,7241.663669226124
IVF_SQ8,16384,801,99.49,7271.930372065605,7276.420372065605
IVF_SQ8,16384,1,24.88,19296.57710710342,7031296.577107104
IVF_SQ8,16384,101,99.49,12351.082187343562,12355.572187343561
IVF_SQ8,16384,201,99.49,8842.77281160398,8847.26281160398
IVF_SQ8,16384,301,99.49,7515.865677525714,7520.355677525714
IVF_SQ8,16384,401,99.49,7477.677345741741,7482.167345741741
IVF_SQ8,16384,501,99.49,7525.169994796993,7529.659994796993
IVF_SQ8,16384,601,99.49,7347.085201793722,7351.575201793722
IVF_SQ8,16384,701,99.49,7408.467720568754,7412.957720568754
IVF_SQ8,16384,801,99.49,7558.938869665513,7563.428869665513
IVF_SQ8,16384,1,24.88,20361.68746055634,7032361.687460557
IVF_SQ8,16384,101,99.49,11014.453781512606,11018.943781512606
IVF_SQ8,16384,201,99.49,7486.620019991432,7491.110019991432
IVF_SQ8,16384,301,99.49,7499.336658978347,7503.826658978347
IVF_SQ8,16384,401,99.49,7493.307607103298,7497.797607103298
IVF_SQ8,16384,501,99.49,6833.562514255922,6838.052514255922
IVF_SQ8,16384,601,99.49,7739.139419883386,7743.629419883386
IVF_SQ8,16384,701,99.49,7447.404961025586,7451.894961025586
IVF_SQ8,16384,801,99.49,7505.375420513922,7509.865420513922
IVF_SQ8,16384,1,24.88,19548.39671886652,7031548.396718866
IVF_SQ8,16384,101,99.49,11745.131752121195,11749.621752121195
IVF_SQ8,16384,201,99.49,9060.341736331628,9064.831736331627
IVF_SQ8,16384,301,99.49,7596.450175680081,7600.940175680081
IVF_SQ8,16384,401,99.49,7522.0659971305595,7526.555997130559
IVF_SQ8,16384,501,99.49,7201.263649474624,7205.753649474624
IVF_SQ8,16384,601,99.49,7345.927106502969,7350.417106502969
IVF_SQ8,16384,701,99.49,6873.87983873611,6878.36983873611
IVF_SQ8,16384,801,99.49,6479.090459713297,6483.5804597132965
IVF_SQ8,16384,1,24.88,19137.21768490213,7031137.217684902
IVF_SQ8,16384,101,99.49,10456.48185081771,10460.97185081771
IVF_SQ8,16384,201,99.49,8405.250395783652,8409.740395783652
IVF_SQ8,16384,301,99.49,7408.20601586096,7412.69601586096
IVF_SQ8,16384,401,99.49,7677.7975068187225,7682.287506818722
IVF_SQ8,16384,501,99.49,7650.2097544960425,7654.699754496042
IVF_SQ8,16384,601,99.49,7671.478216336833,7675.9682163368325
IVF_SQ8,16384,701,99.49,7630.863276630583,7635.3532766305825
IVF_SQ8,16384,801,99.49,7632.251842416523,7636.741842416523
IVF_SQ8,16384,1,24.88,21095.986319283773,7033095.986319284
IVF_SQ8,16384,101,99.49,10378.087343807993,10382.577343807992
IVF_SQ8,16384,201,99.49,9069.745918477673,9074.235918477672
IVF_SQ8,16384,301,99.49,7488.758748750179,7493.2487487501785
IVF_SQ8,16384,401,99.49,7591.775267883,7596.265267883
IVF_SQ8,16384,501,99.49,6005.675911739859,6010.1659117398585
IVF_SQ8,16384,601,99.49,6087.965744974236,6092.455744974236
IVF_SQ8,16384,701,99.49,6009.031518624642,6013.521518624641
IVF_SQ8,16384,801,99.49,7568.896508165659,7573.386508165659
IVF_SQ8,16384,901,99.49,7786.551813760071,7791.041813760071
IVF_SQ8,16384,1,24.88,20932.794330488596,7032932.794330489
IVF_SQ8,16384,101,99.49,12455.24573125464,12459.73573125464
IVF_SQ8,16384,201,99.49,9191.987727372343,9196.477727372343
IVF_SQ8,16384,301,99.49,7669.233863594807,7673.723863594807
IVF_SQ8,16384,401,99.49,7549.143268538517,7553.633268538517
IVF_SQ8,16384,501,99.49,7641.289852432137,7645.779852432137
IVF_SQ8,16384,601,99.49,7623.650871548794,7628.140871548794
IVF_SQ8,16384,701,99.49,7569.98935152598,7574.47935152598
IVF_SQ8,16384,801,99.49,7486.352764787777,7490.842764787777
IVF_SQ8,16384,901,99.49,7827.092391811447,7831.5823918114465
IVF_SQ8,16384,1,24.88,21321.187474583163,7033321.187474583
IVF_SQ8,16384,101,99.49,12171.161602971475,12175.651602971475
IVF_SQ8,16384,201,99.49,9225.955743258106,9230.445743258106
IVF_SQ8,16384,301,99.49,7776.013645043475,7780.5036450434745
IVF_SQ8,16384,401,99.49,7810.040220467749,7814.530220467749
IVF_SQ8,16384,501,99.49,7799.148366462746,7803.638366462746
IVF_SQ8,16384,601,99.49,7509.675571152331,7514.165571152331
IVF_SQ8,16384,701,99.49,7734.287294855246,7738.777294855246
IVF_SQ8,16384,801,99.49,7676.532815988872,7681.022815988872
IVF_SQ8,16384,901,99.49,7628.226393132548,7632.716393132548
IVF_SQ8,16384,1,24.88,21632.389499200577,7033632.3894992005
IVF_SQ8,16384,101,99.49,12359.45308816596,12363.94308816596
IVF_SQ8,16384,201,99.49,9287.241486205217,9291.731486205217
IVF_SQ8,16384,301,99.49,7702.047487008098,7706.537487008098
IVF_SQ8,16384,401,99.49,7916.76859192148,7921.25859192148
IVF_SQ8,16384,501,99.49,7812.36775443302,7816.85775443302
IVF_SQ8,16384,601,99.49,7879.586699229758,7884.076699229758
IVF_SQ8,16384,701,99.49,7799.438421630065,7803.928421630065
IVF_SQ8,16384,801,99.49,5919.47612058259,5923.96612058259
IVF_SQ8,16384,901,99.49,6057.543940728759,6062.033940728758
IVF_SQ8,16384,1,24.88,20431.11695650056,7032431.1169565
IVF_SQ8,16384,101,99.49,12096.046142754145,12100.536142754145
IVF_SQ8,16384,201,99.49,8981.186698357636,8985.676698357636
IVF_SQ8,16384,301,99.49,7429.990611326637,7434.480611326637
IVF_SQ8,16384,401,99.49,7516.539130123116,7521.0291301231155
IVF_SQ8,16384,501,99.49,7617.420362500454,7621.910362500454
IVF_SQ8,16384,601,99.49,7537.20529039678,7541.6952903967795
IVF_SQ8,16384,701,99.49,7556.896023638362,7561.386023638362
IVF_SQ8,16384,801,99.49,7492.63831079512,7497.128310795119
IVF_SQ8,16384,901,99.49,7590.264029388878,7594.754029388878
IVF_SQ8,16384,1,24.88,20749.500346294648,7032749.500346295
IVF_SQ8,16384,101,99.49,12128.575559539644,12133.065559539644
IVF_SQ8,16384,201,99.49,8552.1246227877,8556.6146227877
IVF_SQ8,16384,301,99.49,7899.770218857121,7904.260218857121
IVF_SQ8,16384,401,99.49,4156.850774521561,4161.340774521561
IVF_SQ8,16384,501,99.49,5620.357243356962,5624.847243356961
IVF_SQ8,16384,601,99.49,7212.656486449306,7217.1464864493055
IVF_SQ8,16384,701,99.49,7618.3888838434295,7622.878883843429
IVF_SQ8,16384,801,99.49,7060.523524955812,7065.013524955812
IVF_SQ8,16384,901,99.49,7644.771712384945,7649.261712384945
IVF_SQ8,16384,1,24.88,21772.757475083057,7033772.757475083
IVF_SQ8,16384,101,99.49,11452.962700016384,11457.452700016383
IVF_SQ8,16384,201,99.49,9168.879658979124,9173.369658979123
IVF_SQ8,16384,301,99.49,7641.846736872791,7646.33673687279
IVF_SQ8,16384,401,99.49,7562.346068550205,7566.836068550205
IVF_SQ8,16384,501,99.49,7616.452087381285,7620.942087381285
IVF_SQ8,16384,601,99.49,7596.175021732831,7600.665021732831
IVF_SQ8,16384,701,99.49,7654.537822794051,7659.027822794051
IVF_SQ8,16384,801,99.49,7807.27807456769,7811.76807456769
IVF_SQ8,16384,901,99.49,7743.568725191544,7748.058725191544
IVF_SQ8,16384,1,24.88,22285.234578396474,7034285.234578396
IVF_SQ8,16384,101,99.49,12052.597701149425,12057.087701149425
IVF_SQ8,16384,201,99.49,7425.912680145887,7430.402680145887
IVF_SQ8,16384,301,99.49,7886.9951109439635,7891.485110943963
IVF_SQ8,16384,401,99.49,7809.16775274623,7813.65775274623
IVF_SQ8,16384,501,99.49,7667.271131909915,7671.761131909915
IVF_SQ8,16384,601,99.49,7698.230673225167,7702.720673225167
IVF_SQ8,16384,701,99.49,7117.555023842251,7122.045023842251
IVF_SQ8,16384,801,99.49,7513.038493918713,7517.528493918713
IVF_SQ8,16384,901,99.49,7412.526509260569,7417.0165092605685
IVF_SQ8,16384,1,24.88,21232.681988458033,7033232.681988458
IVF_SQ8,16384,101,99.49,10939.760041731874,10944.250041731873
IVF_SQ8,16384,201,99.49,8931.462277208748,8935.952277208748
IVF_SQ8,16384,301,99.49,7549.68680250558,7554.17680250558
IVF_SQ8,16384,401,99.49,7738.9966234293415,7743.486623429341
IVF_SQ8,16384,501,99.49,7784.817550762835,7789.307550762835
IVF_SQ8,16384,601,99.49,6169.364280881358,6173.854280881358
IVF_SQ8,16384,701,99.49,5875.609721930377,5880.099721930377
IVF_SQ8,16384,801,99.49,7171.834550211172,7176.324550211172
IVF_SQ8,16384,901,99.49,7468.3570449244135,7472.847044924413
IVF_SQ8,16384,1,24.88,20836.085444610035,7032836.08544461
IVF_SQ8,16384,101,99.49,11983.725714285714,11988.215714285714
IVF_SQ8,16384,201,99.49,8880.968916744305,8885.458916744305
IVF_SQ8,16384,301,99.49,7825.048040148505,7829.5380401485045
IVF_SQ8,16384,401,99.49,7796.683768309911,7801.173768309911
IVF_SQ8,16384,501,99.49,7810.476527438967,7814.966527438967
IVF_SQ8,16384,601,99.49,7928.291401243786,7932.781401243786
IVF_SQ8,16384,701,99.49,7846.713935606982,7851.203935606982
IVF_SQ8,16384,801,99.49,7595.624773632741,7600.114773632741
IVF_SQ8,16384,901,99.49,7906.024278066802,7910.514278066802
IVF_SQ8,16384,1,24.88,22323.189100005322,7034323.189100006
IVF_SQ8,16384,101,99.49,12346.35582244201,12350.84582244201
IVF_SQ8,16384,201,99.49,7270.039692857019,7274.529692857019
IVF_SQ8,16384,301,99.49,6366.968243366325,6371.4582433663245
IVF_SQ8,16384,401,99.49,5466.600630816151,5471.090630816151
IVF_SQ8,16384,501,99.49,7887.29173718455,7891.7817371845495
IVF_SQ8,16384,601,99.49,7835.2804916777195,7839.770491677719
IVF_SQ8,16384,701,99.49,7840.113649108378,7844.603649108378
IVF_SQ8,16384,801,99.49,7838.208966380744,7842.6989663807435
IVF_SQ8,16384,901,99.49,7705.584950029394,7710.074950029394
IVF_SQ8,16384,1001,99.49,7626.561931776857,7631.051931776857
IVF_SQ8,16384,1,24.88,21186.563620750618,7033186.563620751
IVF_SQ8,16384,101,99.49,11971.753960325388,11976.243960325388
IVF_SQ8,16384,201,99.49,9061.124673248503,9065.614673248503
IVF_SQ8,16384,301,99.49,7632.112963097751,7636.602963097751
IVF_SQ8,16384,401,99.49,7866.581642222139,7871.0716422221385
IVF_SQ8,16384,501,99.49,7717.352665182432,7721.842665182432
IVF_SQ8,16384,601,99.49,7789.154657554598,7793.644657554598
IVF_SQ8,16384,701,99.49,7864.221697228784,7868.711697228784
IVF_SQ8,16384,801,99.49,7891.298376324058,7895.788376324058
IVF_SQ8,16384,901,99.49,7756.169905874956,7760.659905874956
IVF_SQ8,16384,1001,99.49,7713.946260092325,7718.436260092325
IVF_SQ8,16384,1,24.88,21059.971881903995,7033059.971881904
IVF_SQ8,16384,101,99.49,12250.435188971318,12254.925188971318
IVF_SQ8,16384,201,99.49,9060.928926333982,9065.418926333981
IVF_SQ8,16384,301,99.49,7716.64274938367,7721.13274938367
IVF_SQ8,16384,401,99.49,7644.353721659255,7648.843721659255
IVF_SQ8,16384,501,99.49,7593.149643361454,7597.639643361454
IVF_SQ8,16384,601,99.49,7670.917005011156,7675.407005011156
IVF_SQ8,16384,701,99.49,7625.175435407046,7629.665435407046
IVF_SQ8,16384,801,99.49,7470.485350431917,7474.975350431917
IVF_SQ8,16384,901,99.49,7568.896508165659,7573.386508165659
IVF_SQ8,16384,1001,99.49,7598.376811594203,7602.866811594203
IVF_SQ8,16384,1,24.88,21295.207148659625,7033295.20714866
IVF_SQ8,16384,101,99.49,10278.645297260207,10283.135297260207
IVF_SQ8,16384,201,99.49,6013.77016273568,6018.26016273568
IVF_SQ8,16384,301,99.49,5637.050775475096,5641.540775475096
IVF_SQ8,16384,401,99.49,7420.657443119493,7425.147443119493
IVF_SQ8,16384,501,99.49,7512.365668433873,7516.855668433873
IVF_SQ8,16384,601,99.49,7712.811459884886,7717.301459884886
IVF_SQ8,16384,701,99.49,7765.5039620825,7769.9939620825
IVF_SQ8,16384,801,99.49,7579.83916147104,7584.32916147104
IVF_SQ8,16384,901,99.49,7473.813257305774,7478.3032573057735
IVF_SQ8,16384,1001,99.49,7564.119026149684,7568.609026149684
IVF_SQ8,16384,1,24.88,20582.51055059378,7032582.510550594
IVF_SQ8,16384,101,99.49,11584.23509266164,11588.72509266164
IVF_SQ8,16384,201,99.49,9029.134824446215,9033.624824446215
IVF_SQ8,16384,301,99.49,7355.976078149389,7360.4660781493885
IVF_SQ8,16384,401,99.49,7180.551941381907,7185.041941381907
IVF_SQ8,16384,501,99.49,7767.805022594266,7772.295022594266
IVF_SQ8,16384,601,99.49,6549.097495471863,6553.587495471863
IVF_SQ8,16384,701,99.49,5720.623576426302,5725.113576426302
IVF_SQ8,16384,801,99.49,6120.659010317101,6125.149010317101
IVF_SQ8,16384,901,99.49,7713.662528735632,7718.152528735632
IVF_SQ8,16384,1001,99.49,7599.340496077401,7603.830496077401
IVF_SQ8,16384,1,24.88,20004.31153717747,7032004.311537177
IVF_SQ8,16384,101,99.49,10287.216717355048,10291.706717355048
IVF_SQ8,16384,201,99.49,7967.600015196991,7972.090015196991
IVF_SQ8,16384,301,99.49,7678.781443374464,7683.271443374464
IVF_SQ8,16384,401,99.49,7624.066601228778,7628.556601228778
IVF_SQ8,16384,501,99.49,7610.3714187215355,7614.861418721535
IVF_SQ8,16384,601,99.49,7253.945798239394,7258.435798239394
IVF_SQ8,16384,701,99.49,7579.017365063876,7583.507365063876
IVF_SQ8,16384,801,99.49,7475.145250400998,7479.635250400997
IVF_SQ8,16384,901,99.49,7225.205422817867,7229.6954228178665
IVF_SQ8,16384,1001,99.49,7502.019352876997,7506.509352876997
IVF_SQ8,16384,1,24.88,19864.096613781672,7031864.0966137815
IVF_SQ8,16384,101,99.49,11260.17879674622,11264.66879674622
IVF_SQ8,16384,201,99.49,7275.588475081961,7280.078475081961
IVF_SQ8,16384,301,99.49,6772.324931781119,6776.8149317811185
IVF_SQ8,16384,401,99.49,7463.041582889984,7467.531582889984
IVF_SQ8,16384,501,99.49,7682.297562137113,7686.787562137113
IVF_SQ8,16384,601,99.49,7662.36869508029,7666.85869508029
IVF_SQ8,16384,701,99.49,7578.880416320335,7583.370416320335
IVF_SQ8,16384,801,99.49,7116.83040637991,7121.320406379909
IVF_SQ8,16384,901,99.49,6995.8701671281315,7000.360167128131
IVF_SQ8,16384,1001,99.49,7329.880116039286,7334.370116039286
IVF_SQ8,16384,1,24.88,18721.228352079987,7030721.22835208
IVF_SQ8,16384,101,99.49,11409.036259282431,11413.526259282431
IVF_SQ8,16384,201,99.49,8688.71625960682,8693.206259606819
IVF_SQ8,16384,301,99.49,7395.144312992577,7399.634312992577
IVF_SQ8,16384,401,99.49,7243.798141687679,7248.288141687679
IVF_SQ8,16384,501,99.49,5765.5248254247535,5770.014825424753
IVF_SQ8,16384,601,99.49,5846.453213643524,5850.943213643523
IVF_SQ8,16384,701,99.49,7490.631139050613,7495.121139050612
IVF_SQ8,16384,801,99.49,7588.616091621284,7593.106091621284
IVF_SQ8,16384,901,99.49,7485.551113649343,7490.041113649343
IVF_SQ8,16384,1001,99.49,7569.442890400823,7573.9328904008225
IVF_SQ8,16384,1,24.88,18512.17725206338,7030512.1772520635
IVF_SQ8,16384,101,99.49,11457.029692152202,11461.519692152202
IVF_SQ8,16384,201,99.49,8755.27908821442,8759.76908821442
IVF_SQ8,16384,301,99.49,5806.470547518516,5810.960547518515
IVF_SQ8,16384,401,99.49,7258.967480659732,7263.457480659732
IVF_SQ8,16384,501,99.49,7367.346436914861,7371.836436914861
IVF_SQ8,16384,601,99.49,7493.977022994872,7498.4670229948715
IVF_SQ8,16384,701,99.49,7503.227191413238,7507.717191413238
IVF_SQ8,16384,801,99.49,7429.595777092854,7434.085777092854
IVF_SQ8,16384,901,99.49,4864.145473100697,4868.635473100697
IVF_SQ8,16384,1001,99.49,5255.295635939908,5259.7856359399075
IVF_SQ8,16384,1,24.88,19030.417422867515,7031030.417422867
IVF_SQ8,16384,101,99.49,11176.167763596151,11180.657763596151
IVF_SQ8,16384,201,99.49,8652.3310504167,8656.8210504167
IVF_SQ8,16384,301,99.49,7260.475341446105,7264.9653414461045
IVF_SQ8,16384,401,99.49,7316.837624729607,7321.327624729607
IVF_SQ8,16384,501,99.49,7347.857468203637,7352.347468203637
IVF_SQ8,16384,601,99.49,7239.297179743864,7243.787179743864
IVF_SQ8,16384,701,99.49,7312.245467224547,7316.7354672245465
IVF_SQ8,16384,801,99.49,7323.480933091214,7327.970933091214
IVF_SQ8,16384,901,99.49,7323.480933091214,7327.970933091214
IVF_SQ8,16384,1001,99.49,7407.944329641993,7412.434329641993
IVF_SQ8,16384,1,24.88,19056.35620172649,7031056.356201727
IVF_SQ8,16384,101,99.49,11455.778002348892,11460.268002348892
IVF_SQ8,16384,201,99.49,8636.652664525163,8641.142664525163
IVF_SQ8,16384,301,99.49,7133.534023844754,7138.024023844754
IVF_SQ8,16384,401,99.49,7218.863378196964,7223.353378196964
IVF_SQ8,16384,501,99.49,7191.262751821689,7195.752751821688
IVF_SQ8,16384,601,99.49,7274.452807936453,7278.9428079364525
IVF_SQ8,16384,701,99.49,7430.385487528345,7434.875487528345
IVF_SQ8,16384,801,99.49,6990.157158808726,6994.647158808726
IVF_SQ8,16384,901,99.49,7361.010881010881,7365.500881010881
IVF_SQ8,16384,1001,99.49,7332.314738737478,7336.804738737478
IVF_SQ8,16384,1101,99.49,7384.5980492270855,7389.088049227085
IVF_SQ8,16384,1,24.88,18615.702809462517,7030615.702809462
IVF_SQ8,16384,101,99.49,9866.16484757245,9870.65484757245
IVF_SQ8,16384,201,99.49,7092.520756886552,7097.0107568865515
IVF_SQ8,16384,301,99.49,5616.368505623996,5620.858505623995
IVF_SQ8,16384,401,99.49,6886.746354919217,6891.236354919217
IVF_SQ8,16384,501,99.49,7282.409931417657,7286.899931417657
IVF_SQ8,16384,601,99.49,5998.890128436168,6003.380128436168
IVF_SQ8,16384,701,99.49,5824.289721443053,5828.779721443053
IVF_SQ8,16384,801,99.49,5973.51563056327,5978.00563056327
IVF_SQ8,16384,901,99.49,7162.28206485545,7166.77206485545
IVF_SQ8,16384,1001,99.49,7463.57278858302,7468.06278858302
IVF_SQ8,16384,1101,99.49,6873.316618324238,6877.806618324238
IVF_SQ8,16384,1,24.88,18226.594820093866,7030226.594820094
IVF_SQ8,16384,101,99.49,10703.850963378844,10708.340963378843
IVF_SQ8,16384,201,99.49,8601.230415880567,8605.720415880567
IVF_SQ8,16384,301,99.49,6618.231163708087,6622.721163708086
IVF_SQ8,16384,401,99.49,7441.855183548908,7446.345183548908
IVF_SQ8,16384,501,99.49,7278.4923472043865,7282.982347204386
IVF_SQ8,16384,601,99.49,7409.907427036958,7414.397427036958
IVF_SQ8,16384,701,99.49,7197.4328614328615,7201.922861432861
IVF_SQ8,16384,801,99.49,6369.095271357853,6373.585271357852
IVF_SQ8,16384,901,99.49,5282.764874804776,5287.254874804776
IVF_SQ8,16384,1001,99.49,6637.502175942776,6641.992175942776
IVF_SQ8,16384,1101,99.49,7003.930867496034,7008.420867496034
IVF_SQ8,16384,1,24.88,21191.915925626516,7033191.915925627
IVF_SQ8,16384,101,99.49,12397.079774184967,12401.569774184967
IVF_SQ8,16384,201,99.49,9069.745918477673,9074.235918477672
IVF_SQ8,16384,301,99.49,7644.63237706412,7649.12237706412
IVF_SQ8,16384,401,99.49,7857.886355546397,7862.376355546397
IVF_SQ8,16384,501,99.49,7817.026986730281,7821.516986730281
IVF_SQ8,16384,601,99.49,7630.307991777184,7634.797991777184
IVF_SQ8,16384,701,99.49,7535.715697371495,7540.205697371494
IVF_SQ8,16384,801,99.49,7427.227652642017,7431.717652642017
IVF_SQ8,16384,901,99.49,7784.095169162816,7788.585169162816
IVF_SQ8,16384,1001,99.49,7654.537822794051,7659.027822794051
IVF_SQ8,16384,1101,99.49,7774.284072584383,7778.774072584382
IVF_SQ8,16384,1,24.88,20016.722344182494,7032016.722344182
IVF_SQ8,16384,101,99.49,12189.55505826964,12194.04505826964
IVF_SQ8,16384,201,99.49,9043.34626994394,9047.83626994394
IVF_SQ8,16384,301,99.49,7940.148417386036,7944.638417386036
IVF_SQ8,16384,401,99.49,7815.424748914603,7819.914748914603
IVF_SQ8,16384,501,99.49,7815.7160160253425,7820.206016025342
IVF_SQ8,16384,601,99.49,7757.460975068432,7761.950975068432
IVF_SQ8,16384,701,99.49,7756.743661346698,7761.233661346698
IVF_SQ8,16384,801,99.49,7774.139976275208,7778.629976275208
IVF_SQ8,16384,901,99.49,7536.2572994340135,7540.747299434013
IVF_SQ8,16384,1001,99.49,7669.374097167621,7673.8640971676205
IVF_SQ8,16384,1101,99.49,7624.066601228778,7628.556601228778
IVF_SQ8,16384,1,24.88,19207.327013783946,7031207.327013784
IVF_SQ8,16384,101,99.49,12237.56783567719,12242.05783567719
IVF_SQ8,16384,201,99.49,8814.3406535673,8818.8306535673
IVF_SQ8,16384,301,99.49,7576.005635532757,7580.495635532757
IVF_SQ8,16384,401,99.49,6689.800149927429,6694.2901499274285
IVF_SQ8,16384,501,99.49,5743.340316860425,5747.830316860425
IVF_SQ8,16384,601,99.49,4998.51509337274,5003.00509337274
IVF_SQ8,16384,701,99.49,7736.569889696389,7741.059889696388
IVF_SQ8,16384,801,99.49,7404.282662806503,7408.772662806503
IVF_SQ8,16384,901,99.49,7656.63380795911,7661.123807959109
IVF_SQ8,16384,1001,99.49,7610.5095079111625,7614.999507911162
IVF_SQ8,16384,1101,99.49,7396.839729119639,7401.329729119639
IVF_SQ8,16384,1,24.88,18632.242015014883,7030632.242015015
IVF_SQ8,16384,101,99.49,11467.68010936432,11472.17010936432
IVF_SQ8,16384,201,99.49,8450.635665786876,8455.125665786876
IVF_SQ8,16384,301,99.49,7250.4347525454195,7254.924752545419
IVF_SQ8,16384,401,99.49,7336.0338615454575,7340.523861545457
IVF_SQ8,16384,501,99.49,7339.371456568909,7343.861456568909
IVF_SQ8,16384,601,99.49,7488.491340831994,7492.981340831994
IVF_SQ8,16384,701,99.49,6713.356915344847,6717.846915344847
IVF_SQ8,16384,801,99.49,5645.472777441281,5649.962777441281
IVF_SQ8,16384,901,99.49,6494.540274379859,6499.030274379858
IVF_SQ8,16384,1001,99.49,7356.105089620822,7360.595089620821
IVF_SQ8,16384,1101,99.49,7662.508677701048,7666.998677701048
IVF_SQ8,16384,1,24.88,20406.266420161526,7032406.266420161
IVF_SQ8,16384,101,99.49,10467.70321195937,10472.19321195937
IVF_SQ8,16384,201,99.49,8337.250536693966,8341.740536693966
IVF_SQ8,16384,301,99.49,7348.372402677039,7352.8624026770385
IVF_SQ8,16384,401,99.49,7243.798141687679,7248.288141687679
IVF_SQ8,16384,501,99.49,7102.489247129745,7106.979247129745
IVF_SQ8,16384,601,99.49,7051.502160353726,7055.992160353726
IVF_SQ8,16384,701,99.49,6858.480909165236,6862.970909165236
IVF_SQ8,16384,801,99.49,7013.769000518386,7018.259000518386
IVF_SQ8,16384,901,99.49,7273.191371297774,7277.681371297774
IVF_SQ8,16384,1001,99.49,7321.94679142518,7326.43679142518
IVF_SQ8,16384,1101,99.49,7638.50664724094,7642.99664724094
IVF_SQ8,16384,1,24.88,20838.155802861686,7032838.155802862
IVF_SQ8,16384,101,99.49,12202.32158961976,12206.81158961976
IVF_SQ8,16384,201,99.49,8996.984062292198,9001.474062292198
IVF_SQ8,16384,301,99.49,7602.095227738206,7606.5852277382055
IVF_SQ8,16384,401,99.49,6001.980481382902,6006.470481382902
IVF_SQ8,16384,501,99.49,7593.974507531866,7598.464507531866
IVF_SQ8,16384,601,99.49,7105.376926986278,7109.866926986278
IVF_SQ8,16384,701,99.49,7811.931236147585,7816.421236147585
IVF_SQ8,16384,801,99.49,7665.589589882301,7670.079589882301
IVF_SQ8,16384,901,99.49,7432.360498290008,7436.850498290008
IVF_SQ8,16384,1001,99.49,6206.795311945069,6211.285311945069
IVF_SQ8,16384,1101,99.49,7481.145099438152,7485.635099438152
IVF_SQ8,16384,1,24.88,20870.299049609395,7032870.299049609
IVF_SQ8,16384,101,99.49,10579.921299566138,10584.411299566138
IVF_SQ8,16384,201,99.49,7355.847071203087,7360.337071203086
IVF_SQ8,16384,301,99.49,5171.576883715768,5176.066883715768
IVF_SQ8,16384,401,99.49,5896.507900804138,5900.997900804138
IVF_SQ8,16384,501,99.49,7282.030626063405,7286.520626063405
IVF_SQ8,16384,601,99.49,7855.973028657052,7860.463028657052
IVF_SQ8,16384,701,99.49,7794.9449895926255,7799.434989592625
IVF_SQ8,16384,801,99.49,7782.07321372247,7786.56321372247
IVF_SQ8,16384,901,99.49,7809.458553660535,7813.948553660534
IVF_SQ8,16384,1001,99.49,7727.162859248342,7731.652859248342
IVF_SQ8,16384,1101,99.49,7851.414237846539,7855.904237846539
IVF_SQ8,16384,1,24.88,21044.122221664744,7033044.1222216645
IVF_SQ8,16384,101,99.49,11941.07900355872,11945.56900355872
IVF_SQ8,16384,201,99.49,9100.049901282246,9104.539901282245
IVF_SQ8,16384,301,99.49,7706.434424723478,7710.924424723477
IVF_SQ8,16384,401,99.49,7662.088745181856,7666.578745181856
IVF_SQ8,16384,501,99.49,7691.73665871997,7696.22665871997
IVF_SQ8,16384,601,99.49,5685.418784650211,5689.908784650211
IVF_SQ8,16384,701,99.49,5036.569520996193,5041.059520996193
IVF_SQ8,16384,801,99.49,7614.239811200871,7618.729811200871
IVF_SQ8,16384,901,99.49,7583.265232326885,7587.755232326885
IVF_SQ8,16384,1001,99.49,7536.2572994340135,7540.747299434013
IVF_SQ8,16384,1101,99.49,7633.501983765879,7637.991983765879
IVF_SQ8,16384,1201,99.49,7554.718204578613,7559.208204578613
IVF_SQ8,16384,1,24.88,20451.04100638744,7032451.041006387
IVF_SQ8,16384,101,99.49,11991.263079650065,11995.753079650065
IVF_SQ8,16384,201,99.49,8883.037888895948,8887.527888895947
IVF_SQ8,16384,301,99.49,7540.864062134805,7545.354062134805
IVF_SQ8,16384,401,99.49,7774.572281228568,7779.062281228567
IVF_SQ8,16384,501,99.49,7712.953291651343,7717.443291651342
IVF_SQ8,16384,601,99.49,7859.211512516864,7863.701512516864
IVF_SQ8,16384,701,99.49,7739.710658399764,7744.200658399764
IVF_SQ8,16384,801,99.49,7906.024278066802,7910.514278066802
IVF_SQ8,16384,901,99.49,7619.496066997293,7623.986066997293
IVF_SQ8,16384,1001,99.49,7621.849900054515,7626.339900054515
IVF_SQ8,16384,1101,99.49,7612.166969147005,7616.656969147005
IVF_SQ8,16384,1201,99.49,7588.204218981799,7592.694218981799
IVF_SQ8,16384,1,24.88,21042.010735965483,7033042.010735965
IVF_SQ8,16384,101,99.49,12103.026980233733,12107.516980233733
IVF_SQ8,16384,201,99.49,8851.35694086861,8855.84694086861
IVF_SQ8,16384,301,99.49,7687.6482340218845,7692.138234021884
IVF_SQ8,16384,401,99.49,7729.441250184284,7733.931250184284
IVF_SQ8,16384,501,99.49,7569.98935152598,7574.47935152598
IVF_SQ8,16384,601,99.49,7434.600113442995,7439.090113442995
IVF_SQ8,16384,701,99.49,7487.154587647269,7491.644587647269
IVF_SQ8,16384,801,99.49,7478.7440044220175,7483.234004422017
IVF_SQ8,16384,901,99.49,7300.027847396268,7304.517847396268
IVF_SQ8,16384,1001,99.49,7572.586119737127,7577.076119737127
IVF_SQ8,16384,1101,99.49,5289.426957223567,5293.916957223567
IVF_SQ8,16384,1201,99.49,6302.958899992486,6307.448899992486
IVF_SQ8,16384,1,24.88,20544.20062695925,7032544.200626959
IVF_SQ8,16384,101,99.49,11949.584045584046,11954.074045584046
IVF_SQ8,16384,201,99.49,9183.735849882858,9188.225849882858
IVF_SQ8,16384,301,99.49,7675.970864902456,7680.460864902456
IVF_SQ8,16384,401,99.49,7497.057877238766,7501.547877238766
IVF_SQ8,16384,501,99.49,7523.145358014062,7527.635358014062
IVF_SQ8,16384,601,99.49,7743.4257652401875,7747.915765240187
IVF_SQ8,16384,701,99.49,6333.893083660526,6338.383083660526
IVF_SQ8,16384,801,99.49,7118.0381841323715,7122.528184132371
IVF_SQ8,16384,901,99.49,6763.806421441357,6768.296421441357
IVF_SQ8,16384,1001,99.49,6646.231856499969,6650.721856499968
IVF_SQ8,16384,1101,99.49,7637.950249481007,7642.4402494810065
IVF_SQ8,16384,1201,99.49,7225.952278404686,7230.442278404686
IVF_SQ8,16384,1,24.88,20249.6210109593,7032249.621010959
IVF_SQ8,16384,101,99.49,9883.368679014091,9887.85867901409
IVF_SQ8,16384,201,99.49,7300.917335375724,7305.407335375724
IVF_SQ8,16384,301,99.49,6836.681336593317,6841.1713365933165
IVF_SQ8,16384,401,99.49,7511.423915184728,7515.913915184728
IVF_SQ8,16384,501,99.49,7614.792759753817,7619.282759753817
IVF_SQ8,16384,601,99.49,7468.889007603682,7473.379007603682
IVF_SQ8,16384,701,99.49,7745.999852256778,7750.489852256777
IVF_SQ8,16384,801,99.49,7822.2752704214845,7826.765270421484
IVF_SQ8,16384,901,99.49,7400.102330669208,7404.5923306692075
IVF_SQ8,16384,1001,99.49,7569.579498285508,7574.0694982855075
IVF_SQ8,16384,1101,99.49,7146.417679030857,7150.907679030856
IVF_SQ8,16384,1201,99.49,7661.528906749475,7666.018906749475
IVF_SQ8,16384,1,24.88,20210.591239820747,7032210.591239821
IVF_SQ8,16384,101,99.49,11304.792194490863,11309.282194490863
IVF_SQ8,16384,201,99.49,7192.125930244521,7196.615930244521
IVF_SQ8,16384,301,99.49,7392.276917111687,7396.766917111687
IVF_SQ8,16384,401,99.49,6282.566168871048,6287.056168871048
IVF_SQ8,16384,501,99.49,7583.950818190037,7588.440818190037
IVF_SQ8,16384,601,99.49,7595.487224063309,7599.977224063309
IVF_SQ8,16384,701,99.49,6389.957190085162,6394.447190085162
IVF_SQ8,16384,801,99.49,7733.431669002139,7737.9216690021385
IVF_SQ8,16384,901,99.49,7775.869484612533,7780.3594846125325
IVF_SQ8,16384,1001,99.49,7905.875256818653,7910.365256818653
IVF_SQ8,16384,1101,99.49,7817.901211556384,7822.3912115563835
IVF_SQ8,16384,1201,99.49,7860.68443344953,7865.17443344953
IVF_SQ8,16384,1,24.88,20202.803333172775,7032202.803333173
IVF_SQ8,16384,101,99.49,12265.84003509285,12270.33003509285
IVF_SQ8,16384,201,99.49,9043.736254258485,9048.226254258485
IVF_SQ8,16384,301,99.49,7653.560089047845,7658.050089047845
IVF_SQ8,16384,401,99.49,7622.265433332727,7626.755433332727
IVF_SQ8,16384,501,99.49,7544.797812634912,7549.2878126349115
IVF_SQ8,16384,601,99.49,6782.838753497097,6787.328753497097
IVF_SQ8,16384,701,99.49,5915.218525674475,5919.708525674475
IVF_SQ8,16384,801,99.49,6177.906086136805,6182.396086136805
IVF_SQ8,16384,901,99.49,7547.241515816749,7551.7315158167485
IVF_SQ8,16384,1001,99.49,7541.8132125004495,7546.303212500449
IVF_SQ8,16384,1101,99.49,7634.474599100821,7638.964599100821
IVF_SQ8,16384,1201,99.49,7589.028008974452,7593.518008974452
IVF_SQ8,16384,1,24.88,21632.389499200577,7033632.3894992005
IVF_SQ8,16384,101,99.49,12341.633073414741,12346.123073414741
IVF_SQ8,16384,201,99.49,9254.45479016813,9258.94479016813
IVF_SQ8,16384,301,99.49,7639.619685985938,7644.109685985938
IVF_SQ8,16384,401,99.49,7675.689920210819,7680.179920210819
IVF_SQ8,16384,501,99.49,7783.228488188684,7787.718488188684
IVF_SQ8,16384,601,99.49,7706.859232309869,7711.349232309869
IVF_SQ8,16384,701,99.49,7675.830389985908,7680.320389985908
IVF_SQ8,16384,801,99.49,7512.769349262928,7517.259349262928
IVF_SQ8,16384,901,99.49,5432.895520841429,5437.385520841429
IVF_SQ8,16384,1001,99.49,5070.360968061701,5074.850968061701
IVF_SQ8,16384,1101,99.49,7725.454947321889,7729.944947321889
IVF_SQ8,16384,1201,99.49,7839.527494299278,7844.017494299278
IVF_SQ8,16384,1,24.88,21598.970080848652,7033598.970080849
IVF_SQ8,16384,101,99.49,12393.416659279615,12397.906659279615
IVF_SQ8,16384,201,99.49,9127.17935326631,9131.66935326631
IVF_SQ8,16384,301,99.49,7591.9126830416135,7596.402683041613
IVF_SQ8,16384,401,99.49,7668.9534118335405,7673.44341183354
IVF_SQ8,16384,501,99.49,7670.215606312748,7674.7056063127475
IVF_SQ8,16384,601,99.49,7723.178905501952,7727.6689055019515
IVF_SQ8,16384,701,99.49,7711.3934290599545,7715.883429059954
IVF_SQ8,16384,801,99.49,7408.729443767333,7413.219443767332
IVF_SQ8,16384,901,99.49,7600.304425035335,7604.794425035335
IVF_SQ8,16384,1001,99.49,7516.94325961504,7521.43325961504
IVF_SQ8,16384,1101,99.49,7470.352295800235,7474.842295800235
IVF_SQ8,16384,1201,99.49,7760.04440333025,7764.53440333025
IVF_SQ8,16384,1,24.88,22357.69722814499,7034357.697228145
IVF_SQ8,16384,101,99.49,10234.00351356627,10238.493513566269
IVF_SQ8,16384,201,99.49,9108.547602501738,9113.037602501738
IVF_SQ8,16384,301,99.49,7727.447584656767,7731.937584656766
IVF_SQ8,16384,401,99.49,7665.3094045835005,7669.7994045835
IVF_SQ8,16384,501,99.49,7535.580309019044,7540.070309019044
IVF_SQ8,16384,601,99.49,7749.005117593807,7753.495117593807
IVF_SQ8,16384,701,99.49,7090.842082128789,7095.332082128789
IVF_SQ8,16384,801,99.49,6882.565103953004,6887.055103953004
IVF_SQ8,16384,901,99.49,7689.480438528948,7693.970438528948
IVF_SQ8,16384,1001,99.49,7576.5530446720495,7581.043044672049
IVF_SQ8,16384,1101,99.49,7244.048359240069,7248.5383592400685
IVF_SQ8,16384,1201,99.49,7274.831324256353,7279.321324256352
IVF_SQ8,16384,1,24.88,21347.231270358305,7033347.231270358
IVF_SQ8,16384,101,99.49,12136.99866890445,12141.48866890445
IVF_SQ8,16384,201,99.49,7288.610850450074,7293.100850450074
IVF_SQ8,16384,301,99.49,4897.542065132355,4902.032065132355
IVF_SQ8,16384,401,99.49,6177.906086136805,6182.396086136805
IVF_SQ8,16384,501,99.49,7842.459145132942,7846.949145132941
IVF_SQ8,16384,601,99.49,7492.63831079512,7497.128310795119
IVF_SQ8,16384,701,99.49,7791.4697577648985,7795.959757764898
IVF_SQ8,16384,801,99.49,7564.801154297051,7569.2911542970505
IVF_SQ8,16384,901,99.49,7483.414216385955,7487.904216385955
IVF_SQ8,16384,1001,99.49,7513.711439934076,7518.201439934076
IVF_SQ8,16384,1101,99.49,7510.885876475118,7515.375876475117
IVF_SQ8,16384,1201,99.49,7454.420076067252,7458.910076067252
IVF_SQ8,16384,1301,99.49,7665.449494672588,7669.939494672588
IVF_SQ8,16384,1,24.88,22085.745879627193,7034085.745879627
IVF_SQ8,16384,101,99.49,10809.783253008944,10814.273253008943
IVF_SQ8,16384,201,99.49,7275.462272333044,7279.952272333044
IVF_SQ8,16384,301,99.49,5568.941526368899,5573.431526368899
IVF_SQ8,16384,401,99.49,5516.788551586258,5521.278551586258
IVF_SQ8,16384,501,99.49,6623.665966552438,6628.155966552437
IVF_SQ8,16384,601,99.49,7709.975919560302,7714.465919560302
IVF_SQ8,16384,701,99.49,5887.816724454989,5892.306724454988
IVF_SQ8,16384,801,99.49,7677.656965037525,7682.146965037525
IVF_SQ8,16384,901,99.49,7755.739644970414,7760.229644970414
IVF_SQ8,16384,1001,99.49,7720.19363507519,7724.68363507519
IVF_SQ8,16384,1101,99.49,7792.483046911287,7796.9730469112865
IVF_SQ8,16384,1201,99.49,7697.524270953771,7702.01427095377
IVF_SQ8,16384,1301,99.49,7726.308808901006,7730.798808901006
IVF_SQ8,16384,1,24.88,20733.089471082552,7032733.089471082
IVF_SQ8,16384,101,99.49,11889.6278028177,11894.1178028177
IVF_SQ8,16384,201,99.49,9007.417588317407,9011.907588317406
IVF_SQ8,16384,301,99.49,7531.385681707996,7535.875681707996
IVF_SQ8,16384,401,99.49,7556.215320314189,7560.705320314189
IVF_SQ8,16384,501,99.49,7604.851957282469,7609.341957282469
IVF_SQ8,16384,601,99.49,7902.598210080076,7907.088210080075
IVF_SQ8,16384,701,99.49,7765.647738423654,7770.137738423654
IVF_SQ8,16384,801,99.49,7789.733303617859,7794.223303617859
IVF_SQ8,16384,901,99.49,7785.973640245034,7790.463640245034
IVF_SQ8,16384,1001,99.49,7568.759924931428,7573.249924931428
IVF_SQ8,16384,1101,99.49,7554.582132564841,7559.072132564841
IVF_SQ8,16384,1201,99.49,7509.137782870238,7513.627782870238
IVF_SQ8,16384,1301,99.49,7495.718064193295,7500.208064193294
IVF_SQ8,16384,1,24.88,20355.758311089543,7032355.758311089
IVF_SQ8,16384,101,99.49,11811.946267143541,11816.436267143541
IVF_SQ8,16384,201,99.49,9095.511124604242,9100.001124604241
IVF_SQ8,16384,301,99.49,7630.585624101734,7635.075624101733
IVF_SQ8,16384,401,99.49,7631.418642310002,7635.908642310002
IVF_SQ8,16384,501,99.49,7434.468334012798,7438.958334012797
IVF_SQ8,16384,601,99.49,6925.06480426635,6929.5548042663495
IVF_SQ8,16384,701,99.49,5744.992329607714,5749.482329607714
IVF_SQ8,16384,801,99.49,6168.275537515809,6172.765537515809
IVF_SQ8,16384,901,99.49,7676.673316616944,7681.163316616944
IVF_SQ8,16384,1001,99.49,7682.156855562474,7686.646855562474
IVF_SQ8,16384,1101,99.49,7699.926567777941,7704.416567777941
IVF_SQ8,16384,1201,99.49,7596.037452233913,7600.527452233913
IVF_SQ8,16384,1301,99.49,7752.012715780135,7756.502715780135
IVF_SQ8,16384,1,24.88,20627.048293498574,7032627.048293498
IVF_SQ8,16384,101,99.49,12220.097310841127,12224.587310841127
IVF_SQ8,16384,201,99.49,8966.594693973533,8971.084693973533
IVF_SQ8,16384,301,99.49,7676.532815988872,7681.022815988872
IVF_SQ8,16384,401,99.49,7602.370810752025,7606.860810752025
IVF_SQ8,16384,501,99.49,7588.616091621284,7593.106091621284
IVF_SQ8,16384,601,99.49,7632.251842416523,7636.741842416523
IVF_SQ8,16384,701,99.49,7617.8354129206855,7622.325412920685
IVF_SQ8,16384,801,99.49,5525.437036451541,5529.9270364515405
IVF_SQ8,16384,901,99.49,6147.121585179974,6151.611585179974
IVF_SQ8,16384,1001,99.49,6164.014990080094,6168.504990080094
IVF_SQ8,16384,1101,99.49,7791.614497222789,7796.104497222789
IVF_SQ8,16384,1201,99.49,7810.040220467749,7814.530220467749
IVF_SQ8,16384,1301,99.49,7875.444064741448,7879.934064741447
IVF_SQ8,16384,1,24.88,21399.51020408163,7033399.510204081
IVF_SQ8,16384,101,99.49,11963.217341699943,11967.707341699943
IVF_SQ8,16384,201,99.49,9249.760723343257,9254.250723343257
IVF_SQ8,16384,301,99.49,7888.181749793124,7892.671749793124
IVF_SQ8,16384,401,99.49,7927.841832684384,7932.331832684384
IVF_SQ8,16384,501,99.49,7764.785160227336,7769.275160227336
IVF_SQ8,16384,601,99.49,7842.019257735814,7846.509257735814
IVF_SQ8,16384,701,99.49,7771.40316095681,7775.89316095681
IVF_SQ8,16384,801,99.49,7752.729154729118,7757.219154729118
IVF_SQ8,16384,901,99.49,7740.853388454157,7745.343388454156
IVF_SQ8,16384,1001,99.49,7832.207947415596,7836.697947415596
IVF_SQ8,16384,1101,99.49,7720.335738477396,7724.825738477396
IVF_SQ8,16384,1201,99.49,7880.030811430289,7884.520811430289
IVF_SQ8,16384,1301,99.49,7793.496599650674,7797.986599650674
IVF_SQ8,16384,1,24.88,20590.594010800196,7032590.5940108
IVF_SQ8,16384,101,99.49,12147.544022242817,12152.034022242817
IVF_SQ8,16384,201,99.49,9114.881780250347,9119.371780250347
IVF_SQ8,16384,301,99.49,7771.115187223241,7775.605187223241
IVF_SQ8,16384,401,99.49,7730.438468769007,7734.928468769007
IVF_SQ8,16384,501,99.49,7572.1759852683645,7576.665985268364
IVF_SQ8,16384,601,99.49,7608.1626730033195,7612.652673003319
IVF_SQ8,16384,701,99.49,7699.361186577576,7703.851186577575
IVF_SQ8,16384,801,99.49,7845.246245066682,7849.7362450666815
IVF_SQ8,16384,901,99.49,7821.400067131615,7825.890067131615
IVF_SQ8,16384,1001,99.49,7898.2826152455555,7902.772615245555
IVF_SQ8,16384,1101,99.49,7792.048747863565,7796.538747863565
IVF_SQ8,16384,1201,99.49,5801.651566498374,5806.141566498374
IVF_SQ8,16384,1301,99.49,5732.899592684727,5737.389592684727
IVF_SQ8,16384,1,24.88,20737.18975575991,7032737.18975576
IVF_SQ8,16384,101,99.49,12275.173402792005,12279.663402792004
IVF_SQ8,16384,201,99.49,9123.208770174446,9127.698770174446
IVF_SQ8,16384,301,99.49,7862.747450509898,7867.237450509898
IVF_SQ8,16384,401,99.49,7873.374380537618,7877.864380537618
IVF_SQ8,16384,501,99.49,7796.683768309911,7801.173768309911
IVF_SQ8,16384,601,99.49,7840.113649108378,7844.603649108378
IVF_SQ8,16384,701,99.49,7641.985970665938,7646.475970665938
IVF_SQ8,16384,801,99.49,7877.810750910935,7882.300750910935
IVF_SQ8,16384,901,99.49,7762.4858882534745,7766.975888253474
IVF_SQ8,16384,1001,99.49,7780.48527120279,7784.975271202789
IVF_SQ8,16384,1101,99.49,7850.238634449456,7854.728634449456
IVF_SQ8,16384,1201,99.49,7854.3547873635325,7858.844787363532
IVF_SQ8,16384,1301,99.49,7814.987888950996,7819.477888950996
IVF_SQ8,16384,1,24.88,20650.406183841267,7032650.406183842
IVF_SQ8,16384,101,99.49,10349.917334978409,10354.407334978408
IVF_SQ8,16384,201,99.49,7101.647449247388,7106.137449247388
IVF_SQ8,16384,301,99.49,7796.393917989516,7800.883917989516
IVF_SQ8,16384,401,99.49,7842.31251051736,7846.80251051736
IVF_SQ8,16384,501,99.49,7865.548992030005,7870.038992030005
IVF_SQ8,16384,601,99.49,7633.22413918614,7637.71413918614
IVF_SQ8,16384,701,99.49,7783.806254059571,7788.296254059571
IVF_SQ8,16384,801,99.49,7615.622333182025,7620.1123331820245
IVF_SQ8,16384,901,99.49,7660.269569346532,7664.759569346532
IVF_SQ8,16384,1001,99.49,7708.842287121616,7713.332287121616
IVF_SQ8,16384,1101,99.49,7638.923998761542,7643.413998761542
IVF_SQ8,16384,1201,99.49,7646.165345000456,7650.655345000456
IVF_SQ8,16384,1301,99.49,7521.256679697307,7525.746679697307
IVF_SQ8,16384,1,24.88,21233.756897686428,7033233.756897686
IVF_SQ8,16384,101,99.49,12100.931883096275,12105.421883096275
IVF_SQ8,16384,201,99.49,9074.651665945477,9079.141665945477
IVF_SQ8,16384,301,99.49,7732.718792057669,7737.208792057669
IVF_SQ8,16384,401,99.49,7779.330810891016,7783.820810891016
IVF_SQ8,16384,501,99.49,7679.343806071259,7683.833806071259
IVF_SQ8,16384,601,99.49,7612.443282877782,7616.9332828777815
IVF_SQ8,16384,701,99.49,7764.928909952607,7769.418909952607
IVF_SQ8,16384,801,99.49,7747.859979680428,7752.349979680428
IVF_SQ8,16384,901,99.49,7884.178274027708,7888.668274027707
IVF_SQ8,16384,1001,99.49,7849.944788605865,7854.434788605865
IVF_SQ8,16384,1101,99.49,7730.29599321759,7734.78599321759
IVF_SQ8,16384,1201,99.49,7739.282221607159,7743.772221607159
IVF_SQ8,16384,1301,99.49,7921.403614799146,7925.893614799146
IVF_SQ8,16384,1,24.88,20566.362655683042,7032566.362655683
IVF_SQ8,16384,101,99.49,12667.786167321052,12672.276167321052
IVF_SQ8,16384,201,99.49,9235.503688208742,9239.993688208742
IVF_SQ8,16384,301,99.49,7824.610103723603,7829.100103723603
IVF_SQ8,16384,401,99.49,6339.541421683469,6344.031421683469
IVF_SQ8,16384,501,99.49,6063.148156179077,6067.638156179077
IVF_SQ8,16384,601,99.49,7558.394002739134,7562.884002739133
IVF_SQ8,16384,701,99.49,7606.782857868297,7611.272857868296
IVF_SQ8,16384,801,99.49,7541.67760496269,7546.167604962689
IVF_SQ8,16384,901,99.49,7599.478185244238,7603.968185244238
IVF_SQ8,16384,1001,99.49,7731.008423497318,7735.498423497318
IVF_SQ8,16384,1101,99.49,7721.614904545371,7726.104904545371
IVF_SQ8,16384,1201,99.49,7780.629602834511,7785.119602834511
IVF_SQ8,16384,1301,99.49,7771.40316095681,7775.89316095681
IVF_SQ8,16384,1401,99.49,7781.062629860493,7785.552629860493
IVF_SQ8,16384,1,24.88,20587.561969273058,7032587.561969273
IVF_SQ8,16384,101,99.49,12035.650951246807,12040.140951246807
IVF_SQ8,16384,201,99.49,9111.713590545707,9116.203590545707
IVF_SQ8,16384,301,99.49,7368.511296159657,7373.001296159657
IVF_SQ8,16384,401,99.49,5696.615418047482,5701.105418047482
IVF_SQ8,16384,501,99.49,5948.607979123232,5953.097979123232
IVF_SQ8,16384,601,99.49,6138.934180290678,6143.424180290678
IVF_SQ8,16384,701,99.49,7666.009906238006,7670.499906238006
IVF_SQ8,16384,801,99.49,7579.976144865725,7584.466144865724
IVF_SQ8,16384,901,99.49,7629.752787732159,7634.242787732159
IVF_SQ8,16384,1001,99.49,7558.802645569393,7563.292645569392
IVF_SQ8,16384,1101,99.49,7583.265232326885,7587.755232326885
IVF_SQ8,16384,1201,99.49,7476.344450188054,7480.834450188054
IVF_SQ8,16384,1301,99.49,7615.207523875231,7619.697523875231
IVF_SQ8,16384,1401,99.49,7552.949650651876,7557.439650651876
IVF_SQ8,16384,1,24.88,20881.728567161208,7032881.728567162
IVF_SQ8,16384,101,99.49,12175.401317890215,12179.891317890215
IVF_SQ8,16384,201,99.49,8998.721304441107,9003.211304441107
IVF_SQ8,16384,301,99.49,7640.593861007378,7645.083861007378
IVF_SQ8,16384,401,99.49,7715.932964182564,7720.422964182564
IVF_SQ8,16384,501,99.49,7837.769555630302,7842.259555630302
IVF_SQ8,16384,601,99.49,7816.298615381748,7820.788615381748
IVF_SQ8,16384,701,99.49,7742.282275630376,7746.772275630376
IVF_SQ8,16384,801,99.49,7837.037313851156,7841.527313851156
IVF_SQ8,16384,901,99.49,7797.843385141668,7802.333385141667
IVF_SQ8,16384,1001,99.49,7706.292832601466,7710.782832601466
IVF_SQ8,16384,1101,99.49,7716.50078189679,7720.9907818967895
IVF_SQ8,16384,1201,99.49,7728.87152649812,7733.36152649812
IVF_SQ8,16384,1301,99.49,7717.920691875977,7722.410691875977
IVF_SQ8,16384,1401,99.49,7947.0688544469285,7951.558854446928
IVF_SQ8,16384,1,24.88,21121.48252593413,7033121.482525934
IVF_SQ8,16384,101,99.49,12479.704840965218,12484.194840965218
IVF_SQ8,16384,201,99.49,8913.430805848351,8917.920805848351
IVF_SQ8,16384,301,99.49,7520.1778606519165,7524.667860651916
IVF_SQ8,16384,401,99.49,7644.075086568252,7648.565086568252
IVF_SQ8,16384,501,99.49,7513.442247062196,7517.9322470621955
IVF_SQ8,16384,601,99.49,6280.402491614758,6284.892491614758
IVF_SQ8,16384,701,99.49,6246.357300291893,6250.847300291893
IVF_SQ8,16384,801,99.49,7626.007272727273,7630.4972727272725
IVF_SQ8,16384,901,99.49,7580.935167278182,7585.425167278182
IVF_SQ8,16384,1001,99.49,7826.070082471919,7830.560082471919
IVF_SQ8,16384,1101,99.49,7756.169905874956,7760.659905874956
IVF_SQ8,16384,1201,99.49,7817.901211556384,7822.3912115563835
IVF_SQ8,16384,1301,99.49,7705.1602829062185,7709.650282906218
IVF_SQ8,16384,1401,99.49,7891.892298718648,7896.382298718648
IVF_SQ8,16384,1,24.88,20850.58659773315,7032850.586597733
IVF_SQ8,16384,101,99.49,12437.148618194757,12441.638618194756
IVF_SQ8,16384,201,99.49,9027.385820670655,9031.875820670655
IVF_SQ8,16384,301,99.49,7632.529616217495,7637.019616217494
IVF_SQ8,16384,401,99.49,7550.502250225022,7554.992250225022
IVF_SQ8,16384,501,99.49,7593.974507531866,7598.464507531866
IVF_SQ8,16384,601,99.49,6535.2196946089125,6539.709694608912
IVF_SQ8,16384,701,99.49,5571.752703313053,5576.2427033130525
IVF_SQ8,16384,801,99.49,5569.163358251563,5573.653358251563
IVF_SQ8,16384,901,99.49,7680.750073249341,7685.240073249341
IVF_SQ8,16384,1001,99.49,7578.880416320335,7583.370416320335
IVF_SQ8,16384,1101,99.49,7884.0300751879695,7888.520075187969
IVF_SQ8,16384,1201,99.49,7703.886562339284,7708.376562339284
IVF_SQ8,16384,1301,99.49,7868.057327230435,7872.547327230434
IVF_SQ8,16384,1401,99.49,7860.68443344953,7865.17443344953
IVF_SQ8,16384,1,24.88,20908.793619142572,7032908.793619143
IVF_SQ8,16384,101,99.49,12121.915551573655,12126.405551573655
IVF_SQ8,16384,201,99.49,8930.131153125532,8934.621153125532
IVF_SQ8,16384,301,99.49,7591.9126830416135,7596.402683041613
IVF_SQ8,16384,401,99.49,7634.057733609989,7638.547733609988
IVF_SQ8,16384,501,99.49,7597.138147765763,7601.628147765763
IVF_SQ8,16384,601,99.49,7733.146502452155,7737.636502452155
IVF_SQ8,16384,701,99.49,7732.861356932153,7737.351356932153
IVF_SQ8,16384,801,99.49,7689.9033789853875,7694.393378985387
IVF_SQ8,16384,901,99.49,7636.003495484999,7640.493495484999
IVF_SQ8,16384,1001,99.49,7524.225028702641,7528.715028702641
IVF_SQ8,16384,1101,99.49,7552.269658065794,7556.759658065794
IVF_SQ8,16384,1201,99.49,7682.860439983148,7687.350439983148
IVF_SQ8,16384,1301,99.49,7562.482420395947,7566.972420395947
IVF_SQ8,16384,1401,99.49,7728.444288846714,7732.934288846714
IVF_SQ8,16384,1,24.88,21137.448974449428,7033137.448974449
IVF_SQ8,16384,101,99.49,12125.419906912202,12129.909906912202
IVF_SQ8,16384,201,99.49,9214.807654283015,9219.297654283015
IVF_SQ8,16384,301,99.49,7863.337082864642,7867.827082864642
IVF_SQ8,16384,401,99.49,7797.988361499991,7802.478361499991
IVF_SQ8,16384,501,99.49,7755.883059967825,7760.373059967825
IVF_SQ8,16384,601,99.49,7741.710657462439,7746.200657462438
IVF_SQ8,16384,701,99.49,7793.496599650674,7797.986599650674
IVF_SQ8,16384,801,99.49,6301.538461538462,6306.028461538462
IVF_SQ8,16384,901,99.49,6067.1825953624275,6071.672595362427
IVF_SQ8,16384,1001,99.49,6741.086467373835,6745.576467373835
IVF_SQ8,16384,1101,99.49,7762.342228966947,7766.832228966947
IVF_SQ8,16384,1201,99.49,7708.983972945155,7713.473972945155
IVF_SQ8,16384,1301,99.49,7806.696819103989,7811.1868191039885
IVF_SQ8,16384,1401,99.49,7768.524383693579,7773.014383693579
IVF_SQ8,16384,1,24.88,21505.94267548582,7033505.942675486
IVF_SQ8,16384,101,99.49,12444.528839306908,12449.018839306907
IVF_SQ8,16384,201,99.49,9099.852468975094,9104.342468975094
IVF_SQ8,16384,301,99.49,7797.263533610946,7801.753533610946
IVF_SQ8,16384,401,99.49,7842.019257735814,7846.509257735814
IVF_SQ8,16384,501,99.49,7739.996309282155,7744.486309282155
IVF_SQ8,16384,601,99.49,7698.795888399412,7703.285888399412
IVF_SQ8,16384,701,99.49,7841.286221723687,7845.776221723687
IVF_SQ8,16384,801,99.49,7742.7110446548895,7747.201044654889
IVF_SQ8,16384,901,99.49,5767.348229632176,5771.838229632176
IVF_SQ8,16384,1001,99.49,5758.00557363096,5762.495573630959
IVF_SQ8,16384,1101,99.49,7591.9126830416135,7596.402683041613
IVF_SQ8,16384,1201,99.49,7619.634487519529,7624.124487519529
IVF_SQ8,16384,1301,99.49,7838.208966380744,7842.6989663807435
IVF_SQ8,16384,1401,99.49,7772.987398072646,7777.477398072646
IVF_SQ8,16384,1,24.88,20468.00702713254,7032468.007027132
IVF_SQ8,16384,101,99.49,12427.935642537557,12432.425642537557
IVF_SQ8,16384,201,99.49,9207.323176888967,9211.813176888967
IVF_SQ8,16384,301,99.49,7795.814281996952,7800.304281996951
IVF_SQ8,16384,401,99.49,7875.739822742978,7880.229822742977
IVF_SQ8,16384,501,99.49,7517.077979102819,7521.567979102819
IVF_SQ8,16384,601,99.49,7604.98984624311,7609.47984624311
IVF_SQ8,16384,701,99.49,7668.392569840574,7672.8825698405735
IVF_SQ8,16384,801,99.49,7669.654579699014,7674.144579699014
IVF_SQ8,16384,901,99.49,7747.287537634607,7751.777537634607
IVF_SQ8,16384,1001,99.49,7472.08237578608,7476.57237578608
IVF_SQ8,16384,1101,99.49,7672.600885376651,7677.0908853766505
IVF_SQ8,16384,1201,99.49,7529.628033893437,7534.118033893436
IVF_SQ8,16384,1301,99.49,7574.774254135664,7579.264254135664
IVF_SQ8,16384,1401,99.49,7695.2646546188425,7699.754654618842
IVF_SQ8,16384,1,24.88,20109.81445078391,7032109.814450784
IVF_SQ8,16384,101,99.49,12112.114124000116,12116.604124000116
IVF_SQ8,16384,201,99.49,8889.438992857597,8893.928992857596
IVF_SQ8,16384,301,99.49,7529.898387849628,7534.388387849628
IVF_SQ8,16384,401,99.49,7544.662097746119,7549.152097746119
IVF_SQ8,16384,501,99.49,7545.0692570606225,7549.559257060622
IVF_SQ8,16384,601,99.49,7516.000358390826,7520.490358390825
IVF_SQ8,16384,701,99.49,7461.448419404764,7465.938419404763
IVF_SQ8,16384,801,99.49,7539.644076936905,7544.134076936904
IVF_SQ8,16384,901,99.49,7499.604842026213,7504.094842026213
IVF_SQ8,16384,1001,99.49,5938.837522123894,5943.327522123894
IVF_SQ8,16384,1101,99.49,6020.676092729491,6025.166092729491
IVF_SQ8,16384,1201,99.49,6019.120875966879,6023.610875966879
IVF_SQ8,16384,1301,99.49,7589.165324696473,7593.655324696473
IVF_SQ8,16384,1401,99.49,7836.890881913303,7841.380881913303
IVF_SQ8,16384,1,24.88,21297.369757286484,7033297.369757286
IVF_SQ8,16384,101,99.49,11910.89907423184,11915.38907423184
IVF_SQ8,16384,201,99.49,9016.518336987832,9021.008336987832
IVF_SQ8,16384,301,99.49,7690.749399490254,7695.239399490254
IVF_SQ8,16384,401,99.49,7577.3743067223095,7581.864306722309
IVF_SQ8,16384,501,99.49,7522.7405613846295,7527.230561384629
IVF_SQ8,16384,601,99.49,7570.672538897513,7575.162538897513
IVF_SQ8,16384,701,99.49,7681.594080802901,7686.084080802901
IVF_SQ8,16384,801,99.49,7750.580235050632,7755.070235050632
IVF_SQ8,16384,901,99.49,7708.133936119381,7712.623936119381
IVF_SQ8,16384,1001,99.49,7758.752474148615,7763.242474148615
IVF_SQ8,16384,1101,99.49,6098.588149763722,6103.078149763722
IVF_SQ8,16384,1201,99.49,6643.705252486853,6648.195252486853
IVF_SQ8,16384,1301,99.49,6653.506559431463,6657.996559431463
IVF_SQ8,16384,1401,99.49,7627.394071649391,7631.8840716493905
IVF_SQ8,16384,1501,99.49,7844.512605670681,7849.002605670681
IVF_SQ8,16384,1,24.88,21952.810635402493,7033952.810635403
IVF_SQ8,16384,101,99.49,11782.745737000309,11787.235737000308
IVF_SQ8,16384,201,99.49,8273.4416916522,8277.9316916522
IVF_SQ8,16384,301,99.49,7319.391316487505,7323.881316487505
IVF_SQ8,16384,401,99.49,7137.418531438781,7141.908531438781
IVF_SQ8,16384,501,99.49,7522.470721165056,7526.9607211650555
IVF_SQ8,16384,601,99.49,7401.277571907535,7405.767571907535
IVF_SQ8,16384,701,99.49,7363.595505617977,7368.085505617977
IVF_SQ8,16384,801,99.49,7382.908239601486,7387.398239601485
IVF_SQ8,16384,901,99.49,7558.530212106468,7563.020212106468
IVF_SQ8,16384,1001,99.49,7569.442890400823,7573.9328904008225
IVF_SQ8,16384,1101,99.49,7317.475880598056,7321.965880598056
IVF_SQ8,16384,1201,99.49,7709.692480194107,7714.182480194107
IVF_SQ8,16384,1301,99.49,7849.797873933224,7854.287873933224
IVF_SQ8,16384,1401,99.49,7884.178274027708,7888.668274027707
IVF_SQ8,16384,1501,99.49,7830.599480985008,7835.089480985008
IVF_SQ8,16384,1,24.88,20367.620065070656,7032367.620065071
IVF_SQ8,16384,101,99.49,12394.149109068881,12398.639109068881
IVF_SQ8,16384,201,99.49,9162.069944734485,9166.559944734485
IVF_SQ8,16384,301,99.49,7838.355447579892,7842.845447579892
IVF_SQ8,16384,401,99.49,7843.92579293836,7848.41579293836
IVF_SQ8,16384,501,99.49,7788.720729420066,7793.210729420066
IVF_SQ8,16384,601,99.49,7847.154349859682,7851.644349859682
IVF_SQ8,16384,701,99.49,7991.433742974183,7995.9237429741825
IVF_SQ8,16384,801,99.49,7825.340025000466,7829.830025000466
IVF_SQ8,16384,901,99.49,7570.809191169835,7575.299191169835
IVF_SQ8,16384,1001,99.49,7262.36104858538,7266.851048585379
IVF_SQ8,16384,1101,99.49,5778.472136116277,5782.962136116277
IVF_SQ8,16384,1201,99.49,6135.970507343905,6140.460507343905
IVF_SQ8,16384,1301,99.49,7768.524383693579,7773.014383693579
IVF_SQ8,16384,1401,99.49,7738.711046329268,7743.201046329268
IVF_SQ8,16384,1501,99.49,7772.267210228852,7776.757210228851
IVF_SQ8,16384,1,24.88,21009.336806251253,7033009.336806252
IVF_SQ8,16384,101,99.49,12409.917746612226,12414.407746612225
IVF_SQ8,16384,201,99.49,9168.27839468392,9172.76839468392
IVF_SQ8,16384,301,99.49,7718.062711614898,7722.552711614898
IVF_SQ8,16384,401,99.49,7841.579419682919,7846.069419682919
IVF_SQ8,16384,501,99.49,7871.010358804984,7875.500358804984
IVF_SQ8,16384,601,99.49,7816.735621901674,7821.225621901674
IVF_SQ8,16384,701,99.49,7806.4062238269835,7810.896223826983
IVF_SQ8,16384,801,99.49,7917.665269754974,7922.155269754974
IVF_SQ8,16384,901,99.49,7802.775607396658,7807.265607396658
IVF_SQ8,16384,1001,99.49,6490.218955512572,6494.708955512572
IVF_SQ8,16384,1101,99.49,5588.679546968688,5593.169546968687
IVF_SQ8,16384,1201,99.49,5735.329750721308,5739.819750721308
IVF_SQ8,16384,1301,99.49,7458.264132154987,7462.754132154987
IVF_SQ8,16384,1401,99.49,7598.376811594203,7602.866811594203
IVF_SQ8,16384,1501,99.49,7565.756340416321,7570.246340416321
IVF_SQ8,16384,1,24.88,20282.91503457614,7032282.915034576
IVF_SQ8,16384,101,99.49,12053.636807770785,12058.126807770785
IVF_SQ8,16384,201,99.49,8893.585801827781,8898.075801827781
IVF_SQ8,16384,301,99.49,7608.990802387389,7613.480802387388
IVF_SQ8,16384,401,99.49,7578.880416320335,7583.370416320335
IVF_SQ8,16384,501,99.49,7505.50972567686,7509.99972567686
IVF_SQ8,16384,601,99.49,7515.59633027523,7520.08633027523
IVF_SQ8,16384,701,99.49,7457.335893606429,7461.8258936064285
IVF_SQ8,16384,801,99.49,7472.881144547187,7477.371144547187
IVF_SQ8,16384,901,99.49,7596.587760128955,7601.077760128955
IVF_SQ8,16384,1001,99.49,7530.709566216605,7535.199566216605
IVF_SQ8,16384,1101,99.49,7521.391553842016,7525.881553842016
IVF_SQ8,16384,1201,99.49,7570.809191169835,7575.299191169835
IVF_SQ8,16384,1301,99.49,7677.235370563579,7681.7253705635785
IVF_SQ8,16384,1401,99.49,7523.2802999049345,7527.770299904934
IVF_SQ8,16384,1501,99.49,7515.327002329332,7519.817002329331
IVF_SQ8,16384,1,24.88,20250.59868675164,7032250.598686752
IVF_SQ8,16384,101,99.49,11957.760291937508,11962.250291937507
IVF_SQ8,16384,201,99.49,8803.055870377366,8807.545870377366
IVF_SQ8,16384,301,99.49,7517.3474325656425,7521.837432565642
IVF_SQ8,16384,401,99.49,7626.284592166988,7630.7745921669875
IVF_SQ8,16384,501,99.49,7472.2154920544435,7476.705492054443
IVF_SQ8,16384,601,99.49,7691.5956061689685,7696.085606168968
IVF_SQ8,16384,701,99.49,7631.418642310002,7635.908642310002
IVF_SQ8,16384,801,99.49,7590.264029388878,7594.754029388878
IVF_SQ8,16384,901,99.49,7715.932964182564,7720.422964182564
IVF_SQ8,16384,1001,99.49,6072.452983162253,6076.942983162253
IVF_SQ8,16384,1101,99.49,6065.164704861613,6069.654704861613
IVF_SQ8,16384,1201,99.49,7765.2164253712,7769.7064253712
IVF_SQ8,16384,1301,99.49,7808.0047656279085,7812.494765627908
IVF_SQ8,16384,1401,99.49,7742.996917055881,7747.48691705588
IVF_SQ8,16384,1501,99.49,7734.7151787854755,7739.205178785475
IVF_SQ8,16384,1,24.88,20495.01099438065,7032495.01099438
IVF_SQ8,16384,101,99.49,12143.675265641737,12148.165265641737
IVF_SQ8,16384,201,99.49,9105.779167209414,9110.269167209413
IVF_SQ8,16384,301,99.49,7784.817550762835,7789.307550762835
IVF_SQ8,16384,401,99.49,7801.034110776327,7805.524110776327
IVF_SQ8,16384,501,99.49,7732.861356932153,7737.351356932153
IVF_SQ8,16384,601,99.49,7872.4877059949695,7876.977705994969
IVF_SQ8,16384,701,99.49,7896.349567934936,7900.839567934936
IVF_SQ8,16384,801,99.49,7887.29173718455,7891.7817371845495
IVF_SQ8,16384,901,99.49,6972.726214818878,6977.216214818878
IVF_SQ8,16384,1001,99.49,5990.151385318481,5994.64138531848
IVF_SQ8,16384,1101,99.49,6448.90604099079,6453.3960409907895
IVF_SQ8,16384,1201,99.49,7787.563824059117,7792.053824059117
IVF_SQ8,16384,1301,99.49,7828.699417649694,7833.1894176496935
IVF_SQ8,16384,1401,99.49,7716.784722094457,7721.274722094457
IVF_SQ8,16384,1501,99.49,7725.312655406774,7729.802655406774
IVF_SQ8,16384,1,24.88,21050.45922208281,7033050.459222083
IVF_SQ8,16384,101,99.49,12679.274486094317,12683.764486094316
IVF_SQ8,16384,201,99.49,9276.970715739184,9281.460715739184
IVF_SQ8,16384,301,99.49,7797.843385141668,7802.333385141667
IVF_SQ8,16384,401,99.49,7722.325735537799,7726.815735537799
IVF_SQ8,16384,501,99.49,7768.092751046413,7772.582751046412
IVF_SQ8,16384,601,99.49,7772.555269351222,7777.045269351222
IVF_SQ8,16384,701,99.49,7760.7623276898885,7765.252327689888
IVF_SQ8,16384,801,99.49,7897.539023517671,7902.029023517671
IVF_SQ8,16384,901,99.49,7777.167120950845,7781.657120950845
IVF_SQ8,16384,1001,99.49,7797.408488408842,7801.898488408841
IVF_SQ8,16384,1101,99.49,7668.813193644525,7673.303193644525
IVF_SQ8,16384,1201,99.49,7764.928909952607,7769.418909952607
IVF_SQ8,16384,1301,99.49,7744.855602333998,7749.345602333998
IVF_SQ8,16384,1401,99.49,7777.022917748275,7781.512917748275
IVF_SQ8,16384,1501,99.49,7814.405484964787,7818.895484964787
IVF_SQ8,16384,1,24.88,20985.16035423025,7032985.160354231
IVF_SQ8,16384,101,99.49,12651.355835067716,12655.845835067716
IVF_SQ8,16384,201,99.49,9218.25054945055,9222.74054945055
IVF_SQ8,16384,301,99.49,7858.180796252927,7862.670796252927
IVF_SQ8,16384,401,99.49,7798.423322921315,7802.913322921315
IVF_SQ8,16384,501,99.49,7763.060578578171,7767.550578578171
IVF_SQ8,16384,601,99.49,7745.284656436394,7749.774656436393
IVF_SQ8,16384,701,99.49,7733.0039270635525,7737.493927063552
IVF_SQ8,16384,801,99.49,7873.669983104937,7878.159983104937
IVF_SQ8,16384,901,99.49,7334.237952017906,7338.727952017905
IVF_SQ8,16384,1001,99.49,5753.819139596137,5758.309139596136
IVF_SQ8,16384,1101,99.49,6108.357969853637,6112.847969853637
IVF_SQ8,16384,1201,99.49,7631.418642310002,7635.908642310002
IVF_SQ8,16384,1301,99.49,7613.272344442024,7617.762344442024
IVF_SQ8,16384,1401,99.49,7518.964559095065,7523.454559095065
IVF_SQ8,16384,1501,99.49,7489.962320755728,7494.452320755728
IVF_SQ8,16384,1,24.88,20274.091260634184,7032274.091260634
IVF_SQ8,16384,101,99.49,12099.884606508193,12104.374606508192
IVF_SQ8,16384,201,99.49,8941.744302556122,8946.234302556122
IVF_SQ8,16384,301,99.49,7487.421900103538,7491.911900103538
IVF_SQ8,16384,401,99.49,7456.805575309344,7461.295575309344
IVF_SQ8,16384,501,99.49,7571.355849594744,7575.845849594743
IVF_SQ8,16384,601,99.49,7501.482660561945,7505.972660561944
IVF_SQ8,16384,701,99.49,7656.63380795911,7661.123807959109
IVF_SQ8,16384,801,99.49,7485.551113649343,7490.041113649343
IVF_SQ8,16384,901,99.49,5728.749573174896,5733.239573174896
IVF_SQ8,16384,1001,99.49,6089.468335317518,6093.958335317518
IVF_SQ8,16384,1101,99.49,6164.739773946529,6169.229773946528
IVF_SQ8,16384,1201,99.49,7942.70456568258,7947.19456568258
IVF_SQ8,16384,1301,99.49,7965.179080101789,7969.6690801017885
IVF_SQ8,16384,1401,99.49,7968.659637123587,7973.149637123587
IVF_SQ8,16384,1501,99.49,7786.118175574078,7790.608175574078
IVF_SQ8,16384,1,24.88,20899.417011310976,7032899.417011311
IVF_SQ8,16384,101,99.49,12577.00080961948,12581.49080961948
IVF_SQ8,16384,201,99.49,9176.90405863691,9181.39405863691
IVF_SQ8,16384,301,99.49,7795.089858196889,7799.579858196888
IVF_SQ8,16384,401,99.49,7773.563644451034,7778.0536444510335
IVF_SQ8,16384,501,99.49,7830.014747885825,7834.504747885825
IVF_SQ8,16384,601,99.49,7835.5732406732795,7840.063240673279
IVF_SQ8,16384,701,99.49,7884.4746884222795,7888.964688422279
IVF_SQ8,16384,801,99.49,7905.726241188223,7910.216241188223
IVF_SQ8,16384,901,99.49,7903.938491689594,7908.428491689594
IVF_SQ8,16384,1001,99.49,7863.631932205932,7868.121932205931
IVF_SQ8,16384,1101,99.49,7700.633411056236,7705.123411056235
IVF_SQ8,16384,1201,99.49,7836.744455447394,7841.234455447394
IVF_SQ8,16384,1301,99.49,7835.719623374683,7840.209623374682
IVF_SQ8,16384,1401,99.49,7899.62143327997,7904.11143327997
IVF_SQ8,16384,1501,99.49,7948.725529213334,7953.215529213334
IVF_SQ8,16384,1601,99.49,7874.7047669113645,7879.194766911364
IVF_SQ8,16384,1,24.88,22669.46276078262,7034669.462760783
IVF_SQ8,16384,101,99.49,12455.985507676774,12460.475507676774
IVF_SQ8,16384,201,99.49,9405.534376821994,9410.024376821993
IVF_SQ8,16384,301,99.49,7874.261254834229,7878.751254834228
IVF_SQ8,16384,401,99.49,7987.0206040294015,7991.510604029401
IVF_SQ8,16384,501,99.49,7999.206621657703,8003.696621657703
IVF_SQ8,16384,601,99.49,7944.961357781482,7949.451357781481
IVF_SQ8,16384,701,99.49,7789.154657554598,7793.644657554598
IVF_SQ8,16384,801,99.49,6054.745716224214,6059.235716224214
IVF_SQ8,16384,901,99.49,5985.022831050228,5989.512831050228
IVF_SQ8,16384,1001,99.49,6209.82781339295,6214.31781339295
IVF_SQ8,16384,1101,99.49,7660.829223744292,7665.319223744292
IVF_SQ8,16384,1201,99.49,7614.239811200871,7618.729811200871
IVF_SQ8,16384,1301,99.49,7723.605561182211,7728.095561182211
IVF_SQ8,16384,1401,99.49,7743.28281056732,7747.7728105673195
IVF_SQ8,16384,1501,99.49,7757.317501710777,7761.807501710777
IVF_SQ8,16384,1601,99.49,7691.1724795540395,7695.662479554039
IVF_SQ8,16384,1,24.88,21238.057623170793,7033238.057623171
IVF_SQ8,16384,101,99.49,12107.219351672777,12111.709351672776
IVF_SQ8,16384,201,99.49,9070.334328099996,9074.824328099996
IVF_SQ8,16384,301,99.49,7656.773581116851,7661.263581116851
IVF_SQ8,16384,401,99.49,7637.5330043520225,7642.023004352022
IVF_SQ8,16384,501,99.49,7835.5732406732795,7840.063240673279
IVF_SQ8,16384,601,99.49,7566.16577974204,7570.65577974204
IVF_SQ8,16384,701,99.49,5013.8714227652,5018.3614227652
IVF_SQ8,16384,801,99.49,6091.148578980235,6095.638578980234
IVF_SQ8,16384,901,99.49,7960.945981854762,7965.435981854762
IVF_SQ8,16384,1001,99.49,7818.484136748313,7822.974136748313
IVF_SQ8,16384,1101,99.49,7916.619165361167,7921.109165361167
IVF_SQ8,16384,1201,99.49,7933.240022697182,7937.730022697182
IVF_SQ8,16384,1301,99.49,7894.863252206976,7899.353252206975
IVF_SQ8,16384,1401,99.49,7959.586298510295,7964.076298510295
IVF_SQ8,16384,1501,99.49,8001.953601953602,8006.4436019536015
IVF_SQ8,16384,1601,99.49,7904.236393788633,7908.726393788633
