index_type,nlist,nprobe,recall,query_per_sec,loss
IVF_FLAT,101,1,35.03,13865.926146318889,6010865.926146319
IVF_FLAT,201,1,27.33,14441.206445393196,6781441.206445393
IVF_FLAT,301,1,24.88,14846.04275803483,7026846.042758035
IVF_FLAT,401,1,24.88,14262.944196959908,7026262.94419696
IVF_FLAT,501,1,24.88,14554.964083700594,7026554.9640837
IVF_FLAT,601,1,24.88,15207.222363221055,7027207.222363221
IVF_FLAT,701,1,24.88,13145.815834012412,7025145.815834013
IVF_FLAT,801,1,24.88,14707.567150571567,7026707.567150571
IVF_FLAT,901,1,24.88,14683.367757745493,7026683.367757745
IVF_FLAT,1001,1,24.88,14630.102200983642,7026630.102200984
IVF_FLAT,1101,1,24.88,14612.772184092257,7026612.772184093
IVF_FLAT,1101,101,100.0,12301.45471609573,12306.45471609573
IVF_FLAT,1201,1,24.88,14686.452606883997,7026686.452606884
IVF_FLAT,1201,101,100.0,12245.428004204134,12250.428004204134
IVF_FLAT,1301,1,24.88,15232.62756491738,7027232.627564917
IVF_FLAT,1301,101,100.0,11666.724152318431,11671.724152318431
IVF_FLAT,1401,1,24.88,14637.250043622404,7026637.250043622
IVF_FLAT,1401,101,100.0,12616.724822524366,12621.724822524366
IVF_FLAT,1501,1,24.88,14465.112429300592,7026465.1124293
IVF_FLAT,1501,101,100.0,11017.636397068482,11022.636397068482
IVF_FLAT,1601,1,24.88,14376.363324764354,7026376.363324764
IVF_FLAT,1601,101,100.0,11758.302262341958,11763.302262341958
IVF_FLAT,1701,1,24.88,14498.613847696084,7026498.613847696
IVF_FLAT,1701,101,100.0,12505.75151316378,12510.75151316378
IVF_FLAT,1801,1,24.88,14308.194036978915,7026308.194036979
IVF_FLAT,1801,101,100.0,12256.520849770608,12261.520849770608
IVF_FLAT,1901,1,24.88,14632.654200390734,7026632.654200391
IVF_FLAT,1901,101,100.0,12271.581965534391,12276.581965534391
IVF_FLAT,2001,1,24.88,14314.053648215138,7026314.053648215
IVF_FLAT,2001,101,100.0,11264.715045388622,11269.715045388622
IVF_FLAT,2101,1,24.88,14203.054417391892,7026203.054417392
IVF_FLAT,2101,101,100.0,10603.994539111089,10608.994539111089
IVF_FLAT,2101,201,100.0,9186.350694292349,9191.350694292349
IVF_FLAT,2201,1,24.88,15058.174768435414,7027058.174768436
IVF_FLAT,2201,101,100.0,12530.783938814531,12535.783938814531
IVF_FLAT,2201,201,100.0,9717.13464924474,9722.13464924474
IVF_FLAT,2301,1,24.88,14055.507523206326,7026055.507523206
IVF_FLAT,2301,101,100.0,11654.405512795576,11659.405512795576
IVF_FLAT,2301,201,100.0,10299.089011663596,10304.089011663596
IVF_FLAT,2401,1,24.88,13831.631710856089,7025831.631710856
IVF_FLAT,2401,101,100.0,11425.508035957504,11430.508035957504
IVF_FLAT,2401,201,100.0,9424.766869649236,9429.766869649236
IVF_FLAT,2501,1,24.88,14746.86730890936,7026746.867308909
IVF_FLAT,2501,101,100.0,11369.142361487586,11374.142361487586
IVF_FLAT,2501,201,100.0,9742.640124503496,9747.640124503496
IVF_FLAT,2601,1,24.88,14421.345069453995,7026421.345069454
IVF_FLAT,2601,101,100.0,11738.229038396956,11743.229038396956
IVF_FLAT,2601,201,100.0,11125.769914321334,11130.769914321334
IVF_FLAT,2701,1,24.88,15415.70126433402,7027415.701264334
IVF_FLAT,2701,101,100.0,12791.412015858494,12796.412015858494
IVF_FLAT,2701,201,100.0,9642.07816091954,9647.07816091954
IVF_FLAT,2801,1,24.88,14443.692964633768,7026443.692964634
IVF_FLAT,2801,101,100.0,12515.453704532569,12520.453704532569
IVF_FLAT,2801,201,100.0,9702.748218747109,9707.748218747109
IVF_FLAT,2901,1,24.88,14555.469183786783,7026555.469183787
IVF_FLAT,2901,101,100.0,12464.128852040058,12469.128852040058
IVF_FLAT,2901,201,100.0,9087.628374572085,9092.628374572085
IVF_FLAT,3001,1,24.88,14522.71043246425,7026522.710432464
IVF_FLAT,3001,101,100.0,12609.13900913901,12614.13900913901
IVF_FLAT,3001,201,100.0,10164.313582939538,10169.313582939538
IVF_FLAT,3101,1,24.88,15015.049760148922,7027015.049760149
IVF_FLAT,3101,101,100.0,12111.764366156513,12116.764366156513
IVF_FLAT,3101,201,100.0,9786.513603061272,9791.513603061272
IVF_FLAT,3101,301,100.0,9400.264461328134,9405.264461328134
IVF_FLAT,3201,1,24.88,13956.357102452332,7025956.357102453
IVF_FLAT,3201,101,100.0,13362.762839301644,13367.762839301644
IVF_FLAT,3201,201,100.0,11349.146305165465,11354.146305165465
IVF_FLAT,3201,301,100.0,10505.457733249845,10510.457733249845
IVF_FLAT,3301,1,24.88,14761.91883996762,7026761.918839968
IVF_FLAT,3301,101,100.0,13433.809493306002,13438.809493306002
IVF_FLAT,3301,201,100.0,10507.299964928105,10512.299964928105
IVF_FLAT,3301,301,100.0,10061.178276722318,10066.178276722318
IVF_FLAT,3401,1,24.88,14570.132351408622,7026570.132351409
IVF_FLAT,3401,101,100.0,12089.770270659788,12094.770270659788
IVF_FLAT,3401,201,100.0,9705.667013768369,9710.667013768369
IVF_FLAT,3401,301,100.0,9667.636279820214,9672.636279820214
IVF_FLAT,3501,1,24.88,13827.527775030494,7025827.527775031
IVF_FLAT,3501,101,100.0,12287.760004687409,12292.760004687409
IVF_FLAT,3501,201,100.0,10736.181431899044,10741.181431899044
IVF_FLAT,3501,301,100.0,9629.681329782348,9634.681329782348
IVF_FLAT,3601,1,24.88,14188.64043841548,7026188.640438415
IVF_FLAT,3601,101,100.0,12171.161602971477,12176.161602971477
IVF_FLAT,3601,201,100.0,10183.315528794794,10188.315528794794
IVF_FLAT,3601,301,100.0,9217.035116248408,9222.035116248408
IVF_FLAT,3701,1,24.88,14047.034394989783,7026047.03439499
IVF_FLAT,3701,101,100.0,12338.728561762717,12343.728561762717
IVF_FLAT,3701,201,100.0,10292.77055214724,10297.77055214724
IVF_FLAT,3701,301,100.0,9487.229133680165,9492.229133680165
IVF_FLAT,3801,1,24.88,14353.240709054822,7026353.240709055
IVF_FLAT,3801,101,100.0,12453.026929129182,12458.026929129182
IVF_FLAT,3801,201,100.0,9739.246737565598,9744.246737565598
IVF_FLAT,3801,301,100.0,10411.835964650978,10416.835964650978
IVF_FLAT,3901,1,24.88,15010.750841027844,7027010.750841028
IVF_FLAT,3901,101,100.0,12601.183716388765,12606.183716388765
IVF_FLAT,3901,201,100.0,10402.539682539682,10407.539682539682
IVF_FLAT,3901,301,100.0,9752.380952380952,9757.380952380952
IVF_FLAT,4001,1,24.88,14896.661457593407,7026896.661457594
IVF_FLAT,4001,101,100.0,13591.8338248161,13596.8338248161
IVF_FLAT,4001,201,100.0,10220.038986354775,10225.038986354775
IVF_FLAT,4001,301,100.0,8757.289905000522,8762.289905000522
IVF_FLAT,4101,1,24.88,7893.674602427778,7019893.674602428
IVF_FLAT,4101,101,100.0,11810.28326857014,11815.28326857014
IVF_FLAT,4101,201,100.0,10021.752843352768,10026.752843352768
IVF_FLAT,4101,301,100.0,9740.830023920667,9745.830023920667
IVF_FLAT,4101,401,100.0,8311.642193290134,8316.642193290134
IVF_FLAT,4201,1,24.88,13452.33650854742,7025452.336508547
IVF_FLAT,4201,101,100.0,12498.298519026192,12503.298519026192
IVF_FLAT,4201,201,100.0,10099.942207667116,10104.942207667116
IVF_FLAT,4201,301,100.0,9566.644618297105,9571.644618297105
IVF_FLAT,4201,401,100.0,8468.722111171684,8473.722111171684
IVF_FLAT,4301,1,24.88,14773.87812610074,7026773.878126101
IVF_FLAT,4301,101,100.0,12680.424464129152,12685.424464129152
IVF_FLAT,4301,201,100.0,9229.000814135146,9234.000814135146
IVF_FLAT,4301,301,100.0,9331.8738041205,9336.8738041205
IVF_FLAT,4301,401,100.0,9485.941740546408,9490.941740546408
IVF_FLAT,4401,1,24.88,14847.093805309734,7026847.093805309
IVF_FLAT,4401,101,100.0,12021.852159706496,12026.852159706496
IVF_FLAT,4401,201,100.0,10055.148275118068,10060.148275118068
IVF_FLAT,4401,301,100.0,9559.667236467236,9564.667236467236
IVF_FLAT,4401,401,100.0,9474.15689729168,9479.15689729168
IVF_FLAT,4501,1,24.88,14975.913164566002,7026975.913164566
IVF_FLAT,4501,101,100.0,12617.104352796076,12622.104352796076
IVF_FLAT,4501,201,100.0,9683.930550424824,9688.930550424824
IVF_FLAT,4501,301,100.0,9642.743177690416,9647.743177690416
IVF_FLAT,4501,401,100.0,8752.903858594713,8757.903858594713
IVF_FLAT,4601,1,24.88,14540.83550008667,7026540.835500087
IVF_FLAT,4601,101,100.0,12351.80964160556,12356.80964160556
IVF_FLAT,4601,201,100.0,10266.066183669473,10271.066183669473
IVF_FLAT,4601,301,100.0,9668.081967590992,9673.081967590992
IVF_FLAT,4601,401,100.0,8993.511589510474,8998.511589510474
IVF_FLAT,4701,1,24.88,14417.37934827444,7026417.379348274
IVF_FLAT,4701,101,100.0,12665.8734712366,12670.8734712366
IVF_FLAT,4701,201,100.0,10154.224567859392,10159.224567859392
IVF_FLAT,4701,301,100.0,9701.626072675965,9706.626072675965
IVF_FLAT,4701,401,100.0,8598.232918554355,8603.232918554355
IVF_FLAT,4801,1,24.88,13104.742860713615,7025104.742860714
IVF_FLAT,4801,101,100.0,11588.71605006493,11593.71605006493
IVF_FLAT,4801,201,100.0,11061.219968881036,11066.219968881036
IVF_FLAT,4801,301,100.0,8727.769107518156,8732.769107518156
IVF_FLAT,4801,401,100.0,10117.727656494995,10122.727656494995
IVF_FLAT,4901,1,24.88,13842.130622751723,7025842.130622752
IVF_FLAT,4901,101,100.0,11964.582382473756,11969.582382473756
IVF_FLAT,4901,201,100.0,9678.34414011122,9683.34414011122
IVF_FLAT,4901,301,100.0,8724.138361378622,8729.138361378622
IVF_FLAT,4901,401,100.0,9036.916381186304,9041.916381186304
IVF_FLAT,5001,1,24.88,13783.450542228064,7025783.450542228
IVF_FLAT,5001,101,100.0,12182.12024397328,12187.12024397328
IVF_FLAT,5001,201,100.0,10810.340472692596,10815.340472692596
IVF_FLAT,5001,301,100.0,9051.738351641236,9056.738351641236
IVF_FLAT,5001,401,100.0,8341.063935567267,8346.063935567267
IVF_FLAT,5101,1,24.88,14190.080519656269,7026190.080519657
IVF_FLAT,5101,101,100.0,9951.135258250491,9956.135258250491
IVF_FLAT,5101,201,100.0,9414.189841312596,9419.189841312596
IVF_FLAT,5101,301,100.0,9667.859118569058,9672.859118569058
IVF_FLAT,5101,401,100.0,9281.281671129207,9286.281671129207
IVF_FLAT,5101,501,100.0,10092.40838326235,10097.40838326235
IVF_FLAT,5201,1,24.88,13106.3808511968,7025106.380851197
IVF_FLAT,5201,101,100.0,12301.815515471477,12306.815515471477
IVF_FLAT,5201,201,100.0,10294.033623757516,10299.033623757516
IVF_FLAT,5201,301,100.0,8592.24418723753,8597.24418723753
IVF_FLAT,5201,401,100.0,10357.329118925329,10362.329118925329
IVF_FLAT,5201,501,100.0,10393.775090449522,10398.775090449522
IVF_FLAT,5301,1,24.88,14588.88347826087,7026588.883478261
IVF_FLAT,5301,101,100.0,12602.698236230885,12607.698236230885
IVF_FLAT,5301,201,100.0,10016.248358208955,10021.248358208955
IVF_FLAT,5301,301,100.0,9910.223755404862,9915.223755404862
IVF_FLAT,5301,401,100.0,9332.496718065106,9337.496718065106
IVF_FLAT,5301,501,100.0,10293.023141672187,10298.023141672187
IVF_FLAT,5401,1,24.88,14505.132106792087,7026505.132106792
IVF_FLAT,5401,101,100.0,11883.900946336487,11888.900946336487
IVF_FLAT,5401,201,100.0,10891.184336942692,10896.184336942692
IVF_FLAT,5401,301,100.0,9539.012963384126,9544.012963384126
IVF_FLAT,5401,401,100.0,9677.67420396862,9682.67420396862
IVF_FLAT,5401,501,100.0,9694.674556213018,9699.674556213018
IVF_FLAT,5501,1,24.88,14396.59504359168,7026396.595043591
IVF_FLAT,5501,101,100.0,13222.483528262035,13227.483528262035
IVF_FLAT,5501,201,100.0,10559.146065152812,10564.146065152812
IVF_FLAT,5501,301,100.0,9693.55427673392,9698.55427673392
IVF_FLAT,5501,401,100.0,9894.326625934753,9899.326625934753
IVF_FLAT,5501,501,100.0,10329.017164528284,10334.017164528284
IVF_FLAT,5601,1,24.88,14382.278915063607,7026382.278915064
IVF_FLAT,5601,101,100.0,13008.013894057807,13013.013894057807
IVF_FLAT,5601,201,100.0,10027.503107965957,10032.503107965957
IVF_FLAT,5601,301,100.0,8435.50943244439,8440.50943244439
IVF_FLAT,5601,401,100.0,9539.012963384126,9544.012963384126
IVF_FLAT,5601,501,100.0,9896.194228818158,9901.194228818158
IVF_FLAT,5701,1,24.88,14987.150718216251,7026987.150718216
IVF_FLAT,5701,101,100.0,12002.586922306482,12007.586922306482
IVF_FLAT,5701,201,100.0,10105.295619910374,10110.295619910374
IVF_FLAT,5701,301,100.0,8772.308786313346,8777.308786313346
IVF_FLAT,5701,401,100.0,10190.490536699142,10195.490536699142
IVF_FLAT,5701,501,100.0,8967.16979518536,8972.16979518536
IVF_FLAT,5801,1,24.88,10393.2599861235,7022393.259986123
IVF_FLAT,5801,101,100.0,12831.326480665688,12836.326480665688
IVF_FLAT,5801,201,100.0,10153.732933088022,10158.732933088022
IVF_FLAT,5801,301,100.0,10144.15556146758,10149.15556146758
IVF_FLAT,5801,401,100.0,9786.513603061272,9791.513603061272
IVF_FLAT,5801,501,100.0,8619.967939496075,8624.967939496075
IVF_FLAT,5901,1,24.88,15109.70856298858,7027109.708562989
IVF_FLAT,5901,101,100.0,11809.618200247776,11814.618200247776
IVF_FLAT,5901,201,100.0,10509.669498108196,10514.669498108196
IVF_FLAT,5901,301,100.0,9945.23640157443,9950.23640157443
IVF_FLAT,5901,401,100.0,10159.143535338855,10164.143535338855
IVF_FLAT,5901,501,100.0,9795.88481210734,9800.88481210734
IVF_FLAT,6001,1,24.88,13113.346881350632,7025113.346881351
IVF_FLAT,6001,101,100.0,10292.77055214724,10297.77055214724
IVF_FLAT,6001,201,100.0,9287.035847928611,9292.035847928611
IVF_FLAT,6001,301,100.0,7966.9946434676895,7971.9946434676895
IVF_FLAT,6001,401,100.0,9713.534043538675,9718.534043538675
IVF_FLAT,6001,501,100.0,9876.386926627109,9881.386926627109
IVF_FLAT,6101,1,24.88,14977.517497500356,7026977.5174975
IVF_FLAT,6101,101,100.0,12517.694810039691,12522.694810039691
IVF_FLAT,6101,201,100.0,10703.03154026743,10708.03154026743
IVF_FLAT,6101,301,100.0,10249.007917114652,10254.007917114652
IVF_FLAT,6101,401,100.0,8542.718644343966,8547.718644343966
IVF_FLAT,6101,501,100.0,9402.37171871147,9407.37171871147
IVF_FLAT,6101,601,100.0,9434.730969947814,9439.730969947814
IVF_FLAT,6201,1,24.88,14863.404089443284,7026863.404089443
IVF_FLAT,6201,101,100.0,13008.013894057807,13013.013894057807
IVF_FLAT,6201,201,100.0,10110.898440324952,10115.898440324952
IVF_FLAT,6201,301,100.0,9772.148831574288,9777.148831574288
IVF_FLAT,6201,401,100.0,10160.12790078,10165.12790078
IVF_FLAT,6201,501,100.0,10169.73547026162,10174.73547026162
IVF_FLAT,6201,601,100.0,9752.834488210949,9757.834488210949
IVF_FLAT,6301,1,24.88,14245.021056921614,7026245.021056921
IVF_FLAT,6301,101,100.0,14321.384914808616,14326.384914808616
IVF_FLAT,6301,201,100.0,12052.944050116384,12057.944050116384
IVF_FLAT,6301,301,100.0,10905.910190072544,10910.910190072544
IVF_FLAT,6301,401,100.0,10589.270115377818,10594.270115377818
IVF_FLAT,6301,501,100.0,10511.249780718244,10516.249780718244
IVF_FLAT,6301,601,100.0,10796.149292149292,10801.149292149292
IVF_FLAT,6401,1,24.88,14416.883786477849,7026416.883786478
IVF_FLAT,6401,101,100.0,11778.775028784858,11783.775028784858
IVF_FLAT,6401,201,100.0,9642.743177690416,9647.743177690416
IVF_FLAT,6401,301,100.0,9676.781100036917,9681.781100036917
IVF_FLAT,6401,401,100.0,9449.397346069794,9454.397346069794
IVF_FLAT,6401,501,100.0,9561.19266891584,9566.19266891584
IVF_FLAT,6401,601,100.0,8725.408778864157,8730.408778864157
IVF_FLAT,6501,1,24.88,14760.36036036036,7026760.360360361
IVF_FLAT,6501,101,100.0,11847.647025591774,11852.647025591774
IVF_FLAT,6501,201,100.0,10391.714979436105,10396.714979436105
IVF_FLAT,6501,301,100.0,10360.655089790776,10365.655089790776
IVF_FLAT,6501,401,100.0,8798.439302720732,8803.439302720732
IVF_FLAT,6501,501,100.0,8618.55093905396,8623.55093905396
IVF_FLAT,6501,601,100.0,8592.420207317573,8597.420207317573
IVF_FLAT,6601,1,24.88,13998.745077097656,7025998.745077098
IVF_FLAT,6601,101,100.0,11876.161621881813,11881.161621881813
IVF_FLAT,6601,201,100.0,9308.471115648372,9313.471115648372
IVF_FLAT,6601,301,100.0,10091.194302762004,10096.194302762004
IVF_FLAT,6601,401,100.0,9973.377719652835,9978.377719652835
IVF_FLAT,6601,501,100.0,10110.898440324952,10115.898440324952
IVF_FLAT,6601,601,100.0,9940.051189686226,9945.051189686226
IVF_FLAT,6701,1,24.88,14216.052060737527,7026216.052060737
IVF_FLAT,6701,101,100.0,11545.33292961546,11550.33292961546
IVF_FLAT,6701,201,100.0,9060.928926333982,9065.928926333982
IVF_FLAT,6701,301,100.0,9254.45479016813,9259.45479016813
IVF_FLAT,6701,401,100.0,9548.35067270699,9553.35067270699
IVF_FLAT,6701,501,100.0,9362.285714285714,9367.285714285714
IVF_FLAT,6701,601,100.0,9575.162085654278,9580.162085654278
IVF_FLAT,6801,1,24.88,14331.171626746847,7026331.171626747
IVF_FLAT,6801,101,100.0,11890.638997561944,11895.638997561944
IVF_FLAT,6801,201,100.0,9906.010722467585,9911.010722467585
IVF_FLAT,6801,301,100.0,8778.734982627988,8783.734982627988
IVF_FLAT,6801,401,100.0,8661.443469282396,8666.443469282396
IVF_FLAT,6801,501,100.0,9838.855266244427,9843.855266244427
IVF_FLAT,6801,601,100.0,10327.491197399848,10332.491197399848
IVF_FLAT,6901,1,24.88,14687.995517579491,7026687.99551758
IVF_FLAT,6901,101,100.0,12293.162167707143,12298.162167707143
IVF_FLAT,6901,201,100.0,11426.130543750682,11431.130543750682
IVF_FLAT,6901,301,100.0,10333.597772795583,10338.597772795583
IVF_FLAT,6901,401,100.0,10243.751373794114,10248.751373794114
IVF_FLAT,6901,501,100.0,8823.426455738809,8828.426455738809
IVF_FLAT,6901,601,100.0,9810.54896732393,9815.54896732393
IVF_FLAT,7001,1,24.88,13834.825345515716,7025834.825345515
IVF_FLAT,7001,101,100.0,12245.785524510233,12250.785524510233
IVF_FLAT,7001,201,100.0,10100.91513341682,10105.91513341682
IVF_FLAT,7001,301,100.0,10134.596240274488,10139.596240274488
IVF_FLAT,7001,401,100.0,8664.485209056355,8669.485209056355
IVF_FLAT,7001,501,100.0,9997.387615006912,10002.387615006912
IVF_FLAT,7001,601,100.0,9813.992231737564,9818.992231737564
IVF_FLAT,7101,1,24.88,14770.756444569655,7026770.75644457
IVF_FLAT,7101,101,100.0,11954.692888698874,11959.692888698874
IVF_FLAT,7101,201,100.0,11327.996542969806,11332.996542969806
IVF_FLAT,7101,301,100.0,10227.51524018532,10232.51524018532
IVF_FLAT,7101,401,100.0,8969.470937941063,8974.470937941063
IVF_FLAT,7101,501,100.0,10033.259975122,10038.259975122
IVF_FLAT,7101,601,100.0,9966.268266603303,9971.268266603303
IVF_FLAT,7101,701,100.0,10362.958936601275,10367.958936601275
IVF_FLAT,7201,1,24.88,13652.444502311047,7025652.444502311
IVF_FLAT,7201,101,100.0,12766.88278087237,12771.88278087237
IVF_FLAT,7201,201,100.0,9223.723968068964,9228.723968068964
IVF_FLAT,7201,301,100.0,8412.668231141064,8417.668231141064
IVF_FLAT,7201,401,100.0,9018.844880230508,9023.844880230508
IVF_FLAT,7201,501,100.0,9121.819882125226,9126.819882125226
IVF_FLAT,7201,601,100.0,8768.090977506481,8773.090977506481
IVF_FLAT,7201,701,100.0,9547.2639533825,9552.2639533825
IVF_FLAT,7301,1,24.88,14608.700498066944,7026608.700498067
IVF_FLAT,7301,101,100.0,12521.057973610365,12526.057973610365
IVF_FLAT,7301,201,100.0,10630.332522303324,10635.332522303324
IVF_FLAT,7301,301,100.0,9831.936240037508,9836.936240037508
IVF_FLAT,7301,401,100.0,10134.84112601184,10139.84112601184
IVF_FLAT,7301,501,100.0,10256.025039123631,10261.025039123631
IVF_FLAT,7301,601,100.0,9714.883957937647,9719.883957937647
IVF_FLAT,7301,701,100.0,10292.517975019018,10297.517975019018
IVF_FLAT,7401,1,24.88,13981.013333333334,7025981.013333334
IVF_FLAT,7401,101,100.0,12296.405746115508,12301.405746115508
IVF_FLAT,7401,201,100.0,11427.064432638605,11432.064432638605
IVF_FLAT,7401,301,100.0,9838.855266244427,9843.855266244427
IVF_FLAT,7401,401,100.0,8572.400261608895,8577.400261608895
IVF_FLAT,7401,501,100.0,10005.973567441197,10010.973567441197
IVF_FLAT,7401,601,100.0,8571.874680672785,8576.874680672785
IVF_FLAT,7401,701,100.0,10210.087633885105,10215.087633885105
IVF_FLAT,7501,1,24.88,14025.8962011771,7026025.8962011775
IVF_FLAT,7501,101,100.0,12383.171444598624,12388.171444598624
IVF_FLAT,7501,201,100.0,10412.86991062562,10417.86991062562
IVF_FLAT,7501,301,100.0,9687.73299457212,9692.73299457212
IVF_FLAT,7501,401,100.0,9683.930550424824,9688.930550424824
IVF_FLAT,7501,501,100.0,9451.95267605634,9456.95267605634
IVF_FLAT,7501,601,100.0,9344.139728651948,9349.139728651948
IVF_FLAT,7501,701,100.0,10203.381419223004,10208.381419223004
IVF_FLAT,7601,1,24.88,12296.045263991087,7024296.045263991
IVF_FLAT,7601,101,100.0,8948.994004565919,8953.994004565919
IVF_FLAT,7601,201,100.0,9610.70528390083,9615.70528390083
IVF_FLAT,7601,301,100.0,9975.749791889642,9980.749791889642
IVF_FLAT,7601,401,100.0,9543.78811322472,9548.78811322472
IVF_FLAT,7601,501,100.0,8131.64792555254,8136.64792555254
IVF_FLAT,7601,601,100.0,9630.786893527127,9635.786893527127
IVF_FLAT,7601,701,100.0,9548.785429709733,9553.785429709733
IVF_FLAT,7701,1,24.88,14724.089026188303,7026724.0890261885
IVF_FLAT,7701,101,100.0,12807.817271283742,12812.817271283742
IVF_FLAT,7701,201,100.0,10553.30112721417,10558.30112721417
IVF_FLAT,7701,301,100.0,9566.644618297105,9571.644618297105
IVF_FLAT,7701,401,100.0,9062.886776145204,9067.886776145204
IVF_FLAT,7701,501,100.0,9973.852043849429,9978.852043849429
IVF_FLAT,7701,601,100.0,10087.068613068468,10092.068613068468
IVF_FLAT,7701,701,100.0,10141.702734724471,10146.702734724471
IVF_FLAT,7801,1,24.88,15136.973546501136,7027136.973546501
IVF_FLAT,7801,101,100.0,9945.23640157443,9950.23640157443
IVF_FLAT,7801,201,100.0,9835.625175874684,9840.625175874684
IVF_FLAT,7801,301,100.0,7246.801893638342,7251.801893638342
IVF_FLAT,7801,401,100.0,10165.052590761476,10170.052590761476
IVF_FLAT,7801,501,100.0,10390.942648333952,10395.942648333952
IVF_FLAT,7801,601,100.0,9981.209842463471,9986.209842463471
IVF_FLAT,7801,701,100.0,8943.841692255202,8948.841692255202
IVF_FLAT,7901,1,24.88,13460.10718526363,7025460.107185263
IVF_FLAT,7901,101,100.0,14349.312350325008,14354.312350325008
IVF_FLAT,7901,201,100.0,12031.853126792888,12036.853126792888
IVF_FLAT,7901,301,100.0,10158.405386422532,10163.405386422532
IVF_FLAT,7901,401,100.0,10326.219902506278,10331.219902506278
IVF_FLAT,7901,501,100.0,10471.1004593569,10476.1004593569
IVF_FLAT,7901,601,100.0,10322.661941327033,10327.661941327033
IVF_FLAT,7901,701,100.0,10350.428151913728,10355.428151913728
IVF_FLAT,8001,1,24.88,13730.20819693597,7025730.208196936
IVF_FLAT,8001,101,100.0,13512.142005734351,13517.142005734351
IVF_FLAT,8001,201,100.0,11964.24109307699,11969.24109307699
IVF_FLAT,8001,301,100.0,10375.77676627746,10380.77676627746
IVF_FLAT,8001,401,100.0,10493.630222667,10498.630222667
IVF_FLAT,8001,501,100.0,10835.474954145033,10840.474954145033
IVF_FLAT,8001,601,100.0,10257.279107872148,10262.279107872148
IVF_FLAT,8001,701,100.0,10422.1846734917,10427.1846734917
IVF_FLAT,8101,1,24.88,13428.648267913171,7025428.648267914
IVF_FLAT,8101,101,100.0,14063.51931330472,14068.51931330472
IVF_FLAT,8101,201,100.0,11503.219790466786,11508.219790466786
IVF_FLAT,8101,301,100.0,10507.299964928105,10512.299964928105
IVF_FLAT,8101,401,100.0,10189.252745117092,10194.252745117092
IVF_FLAT,8101,501,100.0,10355.79477556664,10360.79477556664
IVF_FLAT,8101,601,100.0,10257.279107872148,10262.279107872148
IVF_FLAT,8101,701,100.0,10546.932206799436,10551.932206799436
IVF_FLAT,8101,801,100.0,10413.904061972393,10418.904061972393
IVF_FLAT,8201,1,24.88,14779.604637231756,7026779.604637232
IVF_FLAT,8201,101,100.0,12097.790597057976,12102.790597057976
IVF_FLAT,8201,201,100.0,9611.58623218296,9616.58623218296
IVF_FLAT,8201,301,100.0,8646.62323740414,8651.62323740414
IVF_FLAT,8201,401,100.0,10536.599090612204,10541.599090612204
IVF_FLAT,8201,501,100.0,10200.899871099546,10205.899871099546
IVF_FLAT,8201,601,100.0,10532.365718303494,10537.365718303494
IVF_FLAT,8201,701,100.0,10700.574023522207,10705.574023522207
IVF_FLAT,8201,801,100.0,10577.519985877489,10582.519985877489
IVF_FLAT,8301,1,24.88,14296.97651429935,7026296.976514299
IVF_FLAT,8301,101,100.0,13273.113924050633,13278.113924050633
IVF_FLAT,8301,201,100.0,11203.932044021798,11208.932044021798
IVF_FLAT,8301,301,100.0,10180.596616422728,10185.596616422728
IVF_FLAT,8301,401,100.0,10421.407806793051,10426.407806793051
IVF_FLAT,8301,501,100.0,10289.23560003925,10294.23560003925
IVF_FLAT,8301,601,100.0,10281.920917804526,10286.920917804526
IVF_FLAT,8301,701,100.0,10291.760318005594,10296.760318005594
IVF_FLAT,8301,801,100.0,10354.005282776669,10359.005282776669
IVF_FLAT,8401,1,24.88,13792.969186753922,7025792.969186754
IVF_FLAT,8401,101,100.0,12294.243170359949,12299.243170359949
IVF_FLAT,8401,201,100.0,10140.967117988395,10145.967117988395
IVF_FLAT,8401,301,100.0,8502.542063652949,8507.542063652949
IVF_FLAT,8401,401,100.0,8698.085896186309,8703.085896186309
IVF_FLAT,8401,501,100.0,10464.047102262804,10469.047102262804
IVF_FLAT,8401,601,100.0,10785.877028312803,10790.877028312803
IVF_FLAT,8401,701,100.0,10602.922291319075,10607.922291319075
IVF_FLAT,8401,801,100.0,10427.625985132883,10432.625985132883
IVF_FLAT,8501,1,24.88,15191.799775435546,7027191.799775436
IVF_FLAT,8501,101,100.0,12739.738176958355,12744.738176958355
IVF_FLAT,8501,201,100.0,10291.760318005594,10296.760318005594
IVF_FLAT,8501,301,100.0,10072.292397099083,10077.292397099083
IVF_FLAT,8501,401,100.0,10052.015529885442,10057.015529885442
IVF_FLAT,8501,501,100.0,9318.190704700968,9323.190704700968
IVF_FLAT,8501,601,100.0,9251.80103672659,9256.80103672659
IVF_FLAT,8501,701,100.0,9627.249982785135,9632.249982785135
IVF_FLAT,8501,801,100.0,9895.26033925496,9900.26033925496
IVF_FLAT,8601,1,24.88,14347.348977218307,7026347.348977218
IVF_FLAT,8601,101,100.0,12956.980012974576,12961.980012974576
IVF_FLAT,8601,201,100.0,11208.12356367912,11213.12356367912
IVF_FLAT,8601,301,100.0,10250.260270290086,10255.260270290086
IVF_FLAT,8601,401,100.0,8608.291601674739,8613.291601674739
IVF_FLAT,8601,501,100.0,8781.124254160997,8786.124254160997
IVF_FLAT,8601,601,100.0,8560.677620165323,8565.677620165323
IVF_FLAT,8601,701,100.0,8869.70055828117,8874.70055828117
IVF_FLAT,8601,801,100.0,9908.584927947082,9913.584927947082
IVF_FLAT,8701,1,24.88,14390.667673094078,7026390.667673094
IVF_FLAT,8701,101,100.0,12453.026929129182,12458.026929129182
IVF_FLAT,8701,201,100.0,10807.554948594398,10812.554948594398
IVF_FLAT,8701,301,100.0,10459.610972568578,10464.610972568578
IVF_FLAT,8701,401,100.0,10195.196888672825,10200.196888672825
IVF_FLAT,8701,501,100.0,10161.850999394306,10166.850999394306
IVF_FLAT,8701,601,100.0,9875.45677152006,9880.45677152006
IVF_FLAT,8701,701,100.0,10206.112517033289,10211.112517033289
IVF_FLAT,8701,801,100.0,8956.637980738431,8961.637980738431
IVF_FLAT,8801,1,24.88,14227.142905600216,7026227.1429056
IVF_FLAT,8801,101,100.0,12138.754956154313,12143.754956154313
IVF_FLAT,8801,201,100.0,9880.80755730406,9885.80755730406
IVF_FLAT,8801,301,100.0,7072.428968889638,7077.428968889638
IVF_FLAT,8801,401,100.0,10186.778063826689,10191.778063826689
IVF_FLAT,8801,501,100.0,10272.603477834926,10277.603477834926
IVF_FLAT,8801,601,100.0,10279.652958188324,10284.652958188324
IVF_FLAT,8801,701,100.0,10247.004788429593,10252.004788429593
IVF_FLAT,8801,801,100.0,9811.696453635255,9816.696453635255
IVF_FLAT,8901,1,24.88,15328.937943132813,7027328.937943133
IVF_FLAT,8901,101,100.0,11647.608997500694,11652.608997500694
IVF_FLAT,8901,201,100.0,9032.245838447789,9037.245838447789
IVF_FLAT,8901,301,100.0,9702.972679112592,9707.972679112592
IVF_FLAT,8901,401,100.0,9965.321105276911,9970.321105276911
IVF_FLAT,8901,501,100.0,9336.235948803562,9341.235948803562
IVF_FLAT,8901,601,100.0,9748.754183711417,9753.754183711417
IVF_FLAT,8901,701,100.0,8585.20929280524,8590.20929280524
IVF_FLAT,8901,801,100.0,8572.925907000512,8577.925907000512
IVF_FLAT,9001,1,24.88,14870.7817762808,7026870.781776281
IVF_FLAT,9001,101,100.0,12090.118759368152,12095.118759368152
IVF_FLAT,9001,201,100.0,9645.404162354836,9650.404162354836
IVF_FLAT,9001,301,100.0,8416.88874618719,8421.88874618719
IVF_FLAT,9001,401,100.0,7294.568601193064,7299.568601193064
IVF_FLAT,9001,501,100.0,8771.208097199858,8776.208097199858
IVF_FLAT,9001,601,100.0,9507.875051004215,9512.875051004215
IVF_FLAT,9001,701,100.0,8569.773001246347,8574.773001246347
IVF_FLAT,9001,801,100.0,9620.183949173146,9625.183949173146
IVF_FLAT,9101,1,24.88,14545.373838257734,7026545.373838258
IVF_FLAT,9101,101,100.0,12767.271399001584,12772.271399001584
IVF_FLAT,9101,201,100.0,11415.867831577802,11420.867831577802
IVF_FLAT,9101,301,100.0,10227.764637030896,10232.764637030896
IVF_FLAT,9101,401,100.0,10356.561890417048,10361.561890417048
IVF_FLAT,9101,501,100.0,10141.947964019731,10146.947964019731
IVF_FLAT,9101,601,100.0,9550.5248537013,9555.5248537013
IVF_FLAT,9101,701,100.0,9879.643849813916,9884.643849813916
IVF_FLAT,9101,801,100.0,9707.913435944914,9712.913435944914
IVF_FLAT,9101,901,100.0,9722.08984284456,9727.08984284456
IVF_FLAT,9201,1,24.88,14111.307741479664,7026111.30774148
IVF_FLAT,9201,101,100.0,11618.89249009668,11623.89249009668
IVF_FLAT,9201,201,100.0,10357.07336345902,10362.07336345902
IVF_FLAT,9201,301,100.0,9888.494907582044,9893.494907582044
IVF_FLAT,9201,401,100.0,9686.614318706695,9691.614318706695
IVF_FLAT,9201,501,100.0,9549.00282305801,9554.00282305801
IVF_FLAT,9201,601,100.0,9497.75593849777,9502.75593849777
IVF_FLAT,9201,701,100.0,9473.300959909657,9478.300959909657
IVF_FLAT,9201,801,100.0,9311.570908445075,9316.570908445075
IVF_FLAT,9201,901,100.0,9586.980571428572,9591.980571428572
IVF_FLAT,9301,1,24.88,15512.62667357053,7027512.626673571
IVF_FLAT,9301,101,100.0,12669.316740167946,12674.316740167946
IVF_FLAT,9301,201,100.0,10930.636922756175,10935.636922756175
IVF_FLAT,9301,301,100.0,8536.980725000509,8541.980725000509
IVF_FLAT,9301,401,100.0,8685.837354262876,8690.837354262876
IVF_FLAT,9301,501,100.0,8897.547730165465,8902.547730165465
IVF_FLAT,9301,601,100.0,10152.995570187117,10157.995570187117
IVF_FLAT,9301,701,100.0,8918.737773241473,8923.737773241473
IVF_FLAT,9301,801,100.0,10167.516726461748,10172.516726461748
IVF_FLAT,9301,901,100.0,10070.357743097238,10075.357743097238
IVF_FLAT,9401,1,24.88,13889.343665143388,7025889.343665144
IVF_FLAT,9401,101,100.0,12150.711202526143,12155.711202526143
IVF_FLAT,9401,201,100.0,8152.352815409435,8157.352815409435
IVF_FLAT,9401,301,100.0,8361.183318714617,8366.183318714617
IVF_FLAT,9401,401,100.0,8556.137165704495,8561.137165704495
IVF_FLAT,9401,501,100.0,9712.409401412528,9717.409401412528
IVF_FLAT,9401,601,100.0,9702.972679112592,9707.972679112592
IVF_FLAT,9401,701,100.0,9636.982744755647,9641.982744755647
IVF_FLAT,9401,801,100.0,10055.389336401997,10060.389336401997
IVF_FLAT,9401,901,100.0,10235.501976670408,10240.501976670408
IVF_FLAT,9501,1,24.88,15180.802779688009,7027180.802779688
IVF_FLAT,9501,101,100.0,12525.919068239513,12530.919068239513
IVF_FLAT,9501,201,100.0,10983.878908500496,10988.878908500496
IVF_FLAT,9501,301,100.0,10016.726769039717,10021.726769039717
IVF_FLAT,9501,401,100.0,10216.553807180786,10221.553807180786
IVF_FLAT,9501,501,100.0,8633.808151502675,8638.808151502675
IVF_FLAT,9501,601,100.0,9692.658239548911,9697.658239548911
IVF_FLAT,9501,701,100.0,9580.848828178538,9585.848828178538
IVF_FLAT,9501,801,100.0,9654.506951477764,9659.506951477764
IVF_FLAT,9501,901,100.0,9595.534304866052,9600.534304866052
IVF_FLAT,9601,1,24.88,14068.236399007175,7026068.236399007
IVF_FLAT,9601,101,100.0,11846.977742627952,11851.977742627952
IVF_FLAT,9601,201,100.0,9784.230661565736,9789.230661565736
IVF_FLAT,9601,301,100.0,8537.154488092816,8542.154488092816
IVF_FLAT,9601,401,100.0,7784.239634757433,7789.239634757433
IVF_FLAT,9601,501,100.0,9838.624475147191,9843.624475147191
IVF_FLAT,9601,601,100.0,9544.005279086172,9549.005279086172
IVF_FLAT,9601,701,100.0,10061.178276722318,10066.178276722318
IVF_FLAT,9601,801,100.0,9861.525439668954,9866.525439668954
IVF_FLAT,9601,901,100.0,9430.488353269178,9435.488353269178
IVF_FLAT,9701,1,24.88,14550.419759938944,7026550.4197599385
IVF_FLAT,9701,101,100.0,11995.03531901507,12000.03531901507
IVF_FLAT,9701,201,100.0,10190.242954324587,10195.242954324587
IVF_FLAT,9701,301,100.0,10385.53954340613,10390.53954340613
IVF_FLAT,9701,401,100.0,10207.851249726204,10212.851249726204
IVF_FLAT,9701,501,100.0,9584.351720670902,9589.351720670902
IVF_FLAT,9701,601,100.0,10259.035319440369,10264.035319440369
IVF_FLAT,9701,701,100.0,9235.096990113834,9240.096990113834
IVF_FLAT,9701,801,100.0,10093.379858019493,10098.379858019493
IVF_FLAT,9701,901,100.0,9977.88562184794,9982.88562184794
IVF_FLAT,9801,1,24.88,14478.094580600622,7026478.094580601
IVF_FLAT,9801,101,100.0,12395.61426840441,12400.61426840441
IVF_FLAT,9801,201,100.0,10643.550638211484,10648.550638211484
IVF_FLAT,9801,301,100.0,10060.936937801338,10065.936937801338
IVF_FLAT,9801,401,100.0,9949.48287313787,9954.48287313787
IVF_FLAT,9801,501,100.0,10353.494112710128,10358.494112710128
IVF_FLAT,9801,601,100.0,10062.626553428338,10067.626553428338
IVF_FLAT,9801,701,100.0,9658.731145653426,9663.731145653426
IVF_FLAT,9801,801,100.0,9432.609184545496,9437.609184545496
IVF_FLAT,9801,901,100.0,10017.205225573784,10022.205225573784
IVF_FLAT,9901,1,24.88,14918.915842640678,7026918.91584264
IVF_FLAT,9901,101,100.0,12839.968162615563,12844.968162615563
IVF_FLAT,9901,201,100.0,9856.890392931002,9861.890392931002
IVF_FLAT,9901,301,100.0,8804.34937761078,8809.34937761078
IVF_FLAT,9901,401,100.0,10408.477057845495,10413.477057845495
IVF_FLAT,9901,501,100.0,9846.939781664514,9851.939781664514
IVF_FLAT,9901,601,100.0,9984.060937871936,9989.060937871936
IVF_FLAT,9901,701,100.0,10075.67983088306,10080.67983088306
IVF_FLAT,9901,801,100.0,10294.53893920428,10299.53893920428
IVF_FLAT,9901,901,100.0,10250.510777652868,10255.510777652868
IVF_FLAT,10001,1,24.88,15277.01329448188,7027277.013294482
IVF_FLAT,10001,101,100.0,13953.571309757475,13958.571309757475
IVF_FLAT,10001,201,100.0,8278.667298278857,8283.667298278857
IVF_FLAT,10001,301,100.0,8532.638945398323,8537.638945398323
IVF_FLAT,10001,401,100.0,8123.930349222336,8128.930349222336
IVF_FLAT,10001,501,100.0,10315.04598888397,10320.04598888397
IVF_FLAT,10001,601,100.0,10453.615133464597,10458.615133464597
IVF_FLAT,10001,701,100.0,10235.501976670408,10240.501976670408
IVF_FLAT,10001,801,100.0,10109.679907443116,10114.679907443116
IVF_FLAT,10001,901,100.0,10188.510214492191,10193.510214492191
IVF_FLAT,10101,1,24.88,14751.535187985792,7026751.535187986
IVF_FLAT,10101,101,100.0,13527.394697800426,13532.394697800426
IVF_FLAT,10101,201,100.0,11457.342657342657,11462.342657342657
IVF_FLAT,10101,301,100.0,10398.413328044428,10403.413328044428
IVF_FLAT,10101,401,100.0,8832.717011329654,8837.717011329654
IVF_FLAT,10101,501,100.0,9763.959308145357,9768.959308145357
IVF_FLAT,10101,601,100.0,9399.843123193115,9404.843123193115
IVF_FLAT,10101,701,100.0,8547.94163202087,8552.94163202087
IVF_FLAT,10101,801,100.0,9881.505913395844,9886.505913395844
IVF_FLAT,10101,901,100.0,9599.707040190424,9604.707040190424
IVF_FLAT,10101,1001,100.0,9258.131732297368,9263.131732297368
IVF_FLAT,10201,1,24.88,15169.821693370466,7027169.82169337
IVF_FLAT,10201,101,100.0,13026.193360042238,13031.193360042238
IVF_FLAT,10201,201,100.0,11461.725966005357,11466.725966005357
IVF_FLAT,10201,301,100.0,8394.14813777093,8399.14813777093
IVF_FLAT,10201,401,100.0,8442.131111245295,8447.131111245295
IVF_FLAT,10201,501,100.0,8649.297836801188,8654.297836801188
IVF_FLAT,10201,601,100.0,8784.250649241852,8789.250649241852
IVF_FLAT,10201,701,100.0,9855.73231195808,9860.73231195808
IVF_FLAT,10201,801,100.0,9964.84759212183,9969.84759212183
IVF_FLAT,10201,901,100.0,10141.947964019731,10146.947964019731
IVF_FLAT,10201,1001,100.0,10262.80065575375,10267.80065575375
IVF_FLAT,10301,1,24.88,15057.634176987973,7027057.634176988
IVF_FLAT,10301,101,100.0,12267.275013892544,12272.275013892544
IVF_FLAT,10301,201,100.0,10162.097204050977,10167.097204050977
IVF_FLAT,10301,301,100.0,10149.310361515752,10154.310361515752
IVF_FLAT,10301,401,100.0,10421.925705056528,10426.925705056528
IVF_FLAT,10301,501,100.0,10417.783959663198,10422.783959663198
IVF_FLAT,10301,601,100.0,9613.568956428064,9618.568956428064
IVF_FLAT,10301,701,100.0,8934.50633720311,8939.50633720311
IVF_FLAT,10301,801,100.0,10100.91513341682,10105.91513341682
IVF_FLAT,10301,901,100.0,9984.773966243722,9989.773966243722
IVF_FLAT,10301,1001,100.0,10236.501195880315,10241.501195880315
IVF_FLAT,10401,1,24.88,14615.827438408196,7026615.8274384085
IVF_FLAT,10401,101,100.0,12032.543462046016,12037.543462046016
IVF_FLAT,10401,201,100.0,9598.608600132731,9603.608600132731
IVF_FLAT,10401,301,100.0,10313.524146749289,10318.524146749289
IVF_FLAT,10401,401,100.0,9266.108472329615,9271.108472329615
IVF_FLAT,10401,501,100.0,9532.50909090909,9537.50909090909
IVF_FLAT,10401,601,100.0,9534.676062741531,9539.676062741531
IVF_FLAT,10401,701,100.0,10227.51524018532,10232.51524018532
IVF_FLAT,10401,801,100.0,8687.276568422361,8692.276568422361
IVF_FLAT,10401,901,100.0,10198.66750960463,10203.66750960463
IVF_FLAT,10401,1001,100.0,9973.140574472132,9978.140574472132
IVF_FLAT,10501,1,24.88,14538.315424610051,7026538.31542461
IVF_FLAT,10501,101,100.0,12933.40733888375,12938.40733888375
IVF_FLAT,10501,201,100.0,10927.219674864527,10932.219674864527
IVF_FLAT,10501,301,100.0,9948.30293399113,9953.30293399113
IVF_FLAT,10501,401,100.0,10105.295619910374,10110.295619910374
IVF_FLAT,10501,501,100.0,9746.035876940236,9751.035876940236
IVF_FLAT,10501,601,100.0,10320.883880016732,10325.883880016732
IVF_FLAT,10501,701,100.0,8765.525600835947,8770.525600835947
IVF_FLAT,10501,801,100.0,8608.11493073371,8613.11493073371
IVF_FLAT,10501,901,100.0,10180.349514563106,10185.349514563106
IVF_FLAT,10501,1001,100.0,8556.486260429629,8561.486260429629
IVF_FLAT,10601,1,24.88,14874.473366905457,7026874.473366905
IVF_FLAT,10601,101,100.0,12691.551682401356,12696.551682401356
IVF_FLAT,10601,201,100.0,9668.973466423846,9673.973466423846
IVF_FLAT,10601,301,100.0,8146.968902356118,8151.968902356118
IVF_FLAT,10601,401,100.0,7129.411364756676,7134.411364756676
IVF_FLAT,10601,501,100.0,8132.751633606732,8137.751633606732
IVF_FLAT,10601,601,100.0,10219.54095804298,10224.54095804298
IVF_FLAT,10601,701,100.0,10077.132285810389,10082.132285810389
IVF_FLAT,10601,801,100.0,9972.192106514503,9977.192106514503
IVF_FLAT,10601,901,100.0,9827.328959700091,9832.328959700091
IVF_FLAT,10601,1001,100.0,9664.963015876674,9669.963015876674
IVF_FLAT,10701,1,24.88,15104.811293575338,7027104.811293575
IVF_FLAT,10701,101,100.0,13757.68032276052,13762.68032276052
IVF_FLAT,10701,201,100.0,11163.971253659834,11168.971253659834
IVF_FLAT,10701,301,100.0,9726.59895181114,9731.59895181114
IVF_FLAT,10701,401,100.0,9682.365705579536,9687.365705579536
IVF_FLAT,10701,501,100.0,10337.672836615484,10342.672836615484
IVF_FLAT,10701,601,100.0,9678.120817758088,9683.120817758088
IVF_FLAT,10701,701,100.0,9794.741020970529,9799.741020970529
IVF_FLAT,10701,801,100.0,10256.025039123631,10261.025039123631
IVF_FLAT,10701,901,100.0,9401.31797193706,9406.31797193706
IVF_FLAT,10701,1001,100.0,9852.954027578757,9857.954027578757
IVF_FLAT,10801,1,24.88,13666.679700228087,7025666.679700228
IVF_FLAT,10801,101,100.0,11997.437070938216,12002.437070938216
IVF_FLAT,10801,201,100.0,11345.769314001298,11350.769314001298
IVF_FLAT,10801,301,100.0,8744.327231789184,8749.327231789184
IVF_FLAT,10801,401,100.0,8438.7340804378,8443.7340804378
IVF_FLAT,10801,501,100.0,8485.85590871386,8490.85590871386
IVF_FLAT,10801,601,100.0,9930.167148065722,9935.167148065722
IVF_FLAT,10801,701,100.0,10015.291673631176,10020.291673631176
IVF_FLAT,10801,801,100.0,9849.020804959377,9854.020804959377
IVF_FLAT,10801,901,100.0,10119.192260368163,10124.192260368163
IVF_FLAT,10801,1001,100.0,10219.29196208854,10224.29196208854
IVF_FLAT,10901,1,24.88,14222.800949474398,7026222.800949475
IVF_FLAT,10901,101,100.0,12136.296296296296,12141.296296296296
IVF_FLAT,10901,201,100.0,10853.981316150404,10858.981316150404
IVF_FLAT,10901,301,100.0,8925.000531971486,8930.000531971486
IVF_FLAT,10901,401,100.0,9106.767700892373,9111.767700892373
IVF_FLAT,10901,501,100.0,8699.348736881404,8704.348736881404
IVF_FLAT,10901,601,100.0,8820.828601472134,8825.828601472134
IVF_FLAT,10901,701,100.0,9463.04176161361,9468.04176161361
IVF_FLAT,10901,801,100.0,9615.33206483116,9620.33206483116
IVF_FLAT,10901,901,100.0,8680.624198021442,8685.624198021442
IVF_FLAT,10901,1001,100.0,9617.536859966522,9622.536859966522
IVF_FLAT,11001,1,24.88,13959.144007721236,7025959.144007721
IVF_FLAT,11001,101,100.0,12705.39197867442,12710.39197867442
IVF_FLAT,11001,201,100.0,10075.195772279609,10080.195772279609
IVF_FLAT,11001,301,100.0,9550.089938295498,9555.089938295498
IVF_FLAT,11001,401,100.0,9540.314803020654,9545.314803020654
IVF_FLAT,11001,501,100.0,9707.014742299058,9712.014742299058
IVF_FLAT,11001,601,100.0,9495.17578611369,9500.17578611369
IVF_FLAT,11001,701,100.0,9429.004338736146,9434.004338736146
IVF_FLAT,11001,801,100.0,8429.575738087104,8434.575738087104
IVF_FLAT,11001,901,100.0,9675.21856473899,9680.21856473899
IVF_FLAT,11001,1001,100.0,9573.850719013924,9578.850719013924
IVF_FLAT,11101,1,24.88,13219.982979796388,7025219.982979797
IVF_FLAT,11101,101,100.0,10692.390445356514,10697.390445356514
IVF_FLAT,11101,201,100.0,11090.174510840823,11095.174510840823
IVF_FLAT,11101,301,100.0,9829.401701389705,9834.401701389705
IVF_FLAT,11101,401,100.0,8815.637479507335,8820.637479507335
IVF_FLAT,11101,501,100.0,8577.83504100456,8582.83504100456
IVF_FLAT,11101,601,100.0,9844.39750269915,9849.39750269915
IVF_FLAT,11101,701,100.0,9534.242589561738,9539.242589561738
IVF_FLAT,11101,801,100.0,9169.08009793634,9174.08009793634
IVF_FLAT,11101,901,100.0,10156.683456024795,10161.683456024795
IVF_FLAT,11101,1001,100.0,8757.655607291254,8762.655607291254
IVF_FLAT,11101,1101,100.0,9638.975961759434,9643.975961759434
IVF_FLAT,11201,1,24.88,14209.309573819364,7026209.309573819
IVF_FLAT,11201,101,100.0,12908.331025143878,12913.331025143878
IVF_FLAT,11201,201,100.0,11066.181204158092,11071.181204158092
IVF_FLAT,11201,301,100.0,7992.499714165936,7997.499714165936
IVF_FLAT,11201,401,100.0,7999.511748550503,8004.511748550503
IVF_FLAT,11201,501,100.0,8825.654406194764,8830.654406194764
IVF_FLAT,11201,601,100.0,10284.69422784562,10289.69422784562
IVF_FLAT,11201,701,100.0,9109.53673739765,9114.53673739765
IVF_FLAT,11201,801,100.0,10121.38996138996,10126.38996138996
IVF_FLAT,11201,901,100.0,9842.08747888117,9847.08747888117
IVF_FLAT,11201,1001,100.0,10210.584741224013,10215.584741224013
IVF_FLAT,11201,1101,100.0,9903.671696063848,9908.671696063848
IVF_FLAT,11301,1,24.88,14608.700498066944,7026608.700498067
IVF_FLAT,11301,101,100.0,12710.01212121212,12715.01212121212
IVF_FLAT,11301,201,100.0,11175.27443248428,11180.27443248428
IVF_FLAT,11301,301,100.0,10197.675662533433,10202.675662533433
IVF_FLAT,11301,401,100.0,10191.728629051851,10196.728629051851
IVF_FLAT,11301,501,100.0,10032.540005262275,10037.540005262275
IVF_FLAT,11301,601,100.0,9697.364283732544,9702.364283732544
IVF_FLAT,11301,701,100.0,10243.751373794114,10248.751373794114
IVF_FLAT,11301,801,100.0,10074.711760184471,10079.711760184471
IVF_FLAT,11301,901,100.0,10023.908419568386,10028.908419568386
IVF_FLAT,11301,1001,100.0,10321.899840039376,10326.899840039376
IVF_FLAT,11301,1101,100.0,10076.648087641744,10081.648087641744
IVF_FLAT,11401,1,24.88,14815.103669951608,7026815.103669952
IVF_FLAT,11401,101,100.0,11547.557953857166,11552.557953857166
IVF_FLAT,11401,201,100.0,10747.736066623958,10752.736066623958
IVF_FLAT,11401,301,100.0,9028.163072022042,9033.163072022042
IVF_FLAT,11401,401,100.0,8281.773126666008,8286.773126666008
IVF_FLAT,11401,501,100.0,8087.587975550028,8092.587975550028
IVF_FLAT,11401,601,100.0,8119.6840638067215,8124.6840638067215
IVF_FLAT,11401,701,100.0,8240.606703603285,8245.606703603285
IVF_FLAT,11401,801,100.0,9801.378730166149,9806.378730166149
IVF_FLAT,11401,901,100.0,10138.025717876824,10143.025717876824
IVF_FLAT,11401,1001,100.0,8683.319876612219,8688.319876612219
IVF_FLAT,11401,1101,100.0,9633.883822955187,9638.883822955187
IVF_FLAT,11501,1,24.88,14214.124983055442,7026214.124983056
IVF_FLAT,11501,101,100.0,12485.277132821337,12490.277132821337
IVF_FLAT,11501,201,100.0,9764.641244121618,9769.641244121618
IVF_FLAT,11501,301,100.0,10281.416840299056,10286.416840299056
IVF_FLAT,11501,401,100.0,10154.470403098898,10159.470403098898
IVF_FLAT,11501,501,100.0,8870.638495865322,8875.638495865322
IVF_FLAT,11501,601,100.0,9612.687644672613,9617.687644672613
IVF_FLAT,11501,701,100.0,9649.84240193259,9654.84240193259
IVF_FLAT,11501,801,100.0,10319.106431137136,10324.106431137136
IVF_FLAT,11501,901,100.0,8913.99910738954,8918.99910738954
IVF_FLAT,11501,1001,100.0,10380.65585942334,10385.65585942334
IVF_FLAT,11501,1101,100.0,10266.317464202668,10271.317464202668
IVF_FLAT,11601,1,24.88,14827.149321266968,7026827.149321267
IVF_FLAT,11601,101,100.0,13062.298349423856,13067.298349423856
IVF_FLAT,11601,201,100.0,11314.856079203648,11319.856079203648
IVF_FLAT,11601,301,100.0,10118.45990543279,10123.45990543279
IVF_FLAT,11601,401,100.0,9697.140082768825,9702.140082768825
IVF_FLAT,11601,501,100.0,10283.18132784152,10288.18132784152
IVF_FLAT,11601,601,100.0,9761.23251646536,9766.23251646536
IVF_FLAT,11601,701,100.0,9711.060174573406,9716.060174573406
IVF_FLAT,11601,801,100.0,9321.918478019292,9326.918478019292
IVF_FLAT,11601,901,100.0,8358.683911596485,8363.683911596485
IVF_FLAT,11601,1001,100.0,8884.543201508188,8889.543201508188
IVF_FLAT,11601,1101,100.0,10257.279107872148,10262.279107872148
IVF_FLAT,11701,1,24.88,14376.856104750805,7026376.856104751
IVF_FLAT,11701,101,100.0,12348.900338583837,12353.900338583837
IVF_FLAT,11701,201,100.0,10416.490339244026,10421.490339244026
IVF_FLAT,11701,301,100.0,8924.810622180612,8929.810622180612
IVF_FLAT,11701,401,100.0,10127.744241077897,10132.744241077897
IVF_FLAT,11701,501,100.0,9955.150479445552,9960.150479445552
IVF_FLAT,11701,601,100.0,8738.31538157045,8743.31538157045
IVF_FLAT,11701,701,100.0,10131.169082125603,10136.169082125603
IVF_FLAT,11701,801,100.0,9083.101977174783,9088.101977174783
IVF_FLAT,11701,901,100.0,8569.773001246347,8574.773001246347
IVF_FLAT,11701,1001,100.0,10262.047367390878,10267.047367390878
IVF_FLAT,11701,1101,100.0,9969.347784749953,9974.347784749953
IVF_FLAT,11801,1,24.88,13860.88565763384,7025860.885657634
IVF_FLAT,11801,101,100.0,12045.328968151403,12050.328968151403
IVF_FLAT,11801,201,100.0,11528.197234972376,11533.197234972376
IVF_FLAT,11801,301,100.0,9960.3514604607,9965.3514604607
IVF_FLAT,11801,401,100.0,6751.829494051931,6756.829494051931
IVF_FLAT,11801,501,100.0,7665.449494672588,7670.449494672588
IVF_FLAT,11801,601,100.0,10071.566814743666,10076.566814743666
IVF_FLAT,11801,701,100.0,10163.328406309822,10168.328406309822
IVF_FLAT,11801,801,100.0,9422.014556563932,9427.014556563932
IVF_FLAT,11801,901,100.0,9931.577950369388,9936.577950369388
IVF_FLAT,11801,1001,100.0,10061.902362960298,10066.902362960298
IVF_FLAT,11801,1101,100.0,8627.237386099512,8632.237386099512
IVF_FLAT,11901,1,24.88,14945.496009122007,7026945.496009122
IVF_FLAT,11901,101,100.0,13681.837160751566,13686.837160751566
IVF_FLAT,11901,201,100.0,10177.38522760361,10182.38522760361
IVF_FLAT,11901,301,100.0,9437.91543844648,9442.91543844648
IVF_FLAT,11901,401,100.0,9513.05057836244,9518.05057836244
IVF_FLAT,11901,501,100.0,9487.014543891792,9492.014543891792
IVF_FLAT,11901,601,100.0,8723.775452900434,8728.775452900434
IVF_FLAT,11901,701,100.0,9536.844020009095,9541.844020009095
IVF_FLAT,11901,801,100.0,9445.35423141017,9450.35423141017
IVF_FLAT,11901,901,100.0,9726.373397027108,9731.373397027108
IVF_FLAT,11901,1001,100.0,10066.732269290773,10071.732269290773
IVF_FLAT,11901,1101,100.0,10284.69422784562,10289.69422784562
IVF_FLAT,12001,1,24.88,15205.017219503354,7027205.017219503
IVF_FLAT,12001,101,100.0,12996.727813584532,13001.727813584532
IVF_FLAT,12001,201,100.0,9762.822959824962,9767.822959824962
IVF_FLAT,12001,301,100.0,8537.328258258869,8542.328258258869
IVF_FLAT,12001,401,100.0,8628.124742861844,8633.124742861844
IVF_FLAT,12001,501,100.0,7687.789141830713,7692.789141830713
IVF_FLAT,12001,601,100.0,8221.062741331662,8226.062741331662
IVF_FLAT,12001,701,100.0,9454.08317367294,9459.08317367294
IVF_FLAT,12001,801,100.0,8668.783068783068,8673.783068783068
IVF_FLAT,12001,901,100.0,8844.637510016448,8849.637510016448
IVF_FLAT,12001,1001,100.0,9633.220027560865,9638.220027560865
IVF_FLAT,12001,1101,100.0,8928.610354223434,8933.610354223434
IVF_FLAT,12101,1,24.88,14565.072750633746,7026565.072750634
IVF_FLAT,12101,101,100.0,11799.65115624824,11804.65115624824
IVF_FLAT,12101,201,100.0,10911.5845885689,10916.5845885689
IVF_FLAT,12101,301,100.0,8624.044412460162,8629.044412460162
IVF_FLAT,12101,401,100.0,8886.049024385076,8891.049024385076
IVF_FLAT,12101,501,100.0,8803.425405087733,8808.425405087733
IVF_FLAT,12101,601,100.0,8733.4027401824,8738.4027401824
IVF_FLAT,12101,701,100.0,8791.61566194349,8796.61566194349
IVF_FLAT,12101,801,100.0,8668.424750961021,8673.424750961021
IVF_FLAT,12101,901,100.0,8708.198899615903,8713.198899615903
IVF_FLAT,12101,1001,100.0,9176.90405863691,9181.90405863691
IVF_FLAT,12101,1101,100.0,9657.84153445854,9662.84153445854
IVF_FLAT,12101,1201,100.0,9004.903602559149,9009.903602559149
IVF_FLAT,12201,1,24.88,14261.48928935736,7026261.489289357
IVF_FLAT,12201,101,100.0,11571.45143046321,11576.45143046321
IVF_FLAT,12201,201,100.0,10535.275796242338,10540.275796242338
IVF_FLAT,12201,301,100.0,9482.510399710616,9487.510399710616
IVF_FLAT,12201,401,100.0,8793.643206071662,8798.643206071662
IVF_FLAT,12201,501,100.0,10029.181511680734,10034.181511680734
IVF_FLAT,12201,601,100.0,9906.712645850064,9911.712645850064
IVF_FLAT,12201,701,100.0,9721.639161876506,9726.639161876506
IVF_FLAT,12201,801,100.0,8393.644186511907,8398.644186511907
IVF_FLAT,12201,901,100.0,9866.16484757245,9871.16484757245
IVF_FLAT,12201,1001,100.0,8748.887173817819,8753.887173817819
IVF_FLAT,12201,1101,100.0,8433.982827612555,8438.982827612555
IVF_FLAT,12201,1201,100.0,8670.216636348603,8675.216636348603
IVF_FLAT,12301,1,24.88,14074.845637583892,7026074.845637584
IVF_FLAT,12301,101,100.0,12737.030063771635,12742.030063771635
IVF_FLAT,12301,201,100.0,9961.061106229368,9966.061106229368
IVF_FLAT,12301,301,100.0,8530.209477323571,8535.209477323571
IVF_FLAT,12301,401,100.0,7566.302269365371,7571.302269365371
IVF_FLAT,12301,501,100.0,9012.643431174523,9017.643431174523
IVF_FLAT,12301,601,100.0,8656.259545135592,8661.259545135592
IVF_FLAT,12301,701,100.0,9017.29371802038,9022.29371802038
IVF_FLAT,12301,801,100.0,8450.124909339995,8455.124909339995
IVF_FLAT,12301,901,100.0,10008.122360352192,10013.122360352192
IVF_FLAT,12301,1001,100.0,8700.070524787388,8705.070524787388
IVF_FLAT,12301,1101,100.0,8379.725490979561,8384.725490979561
IVF_FLAT,12301,1201,100.0,9585.885041709518,9590.885041709518
IVF_FLAT,12401,1,24.88,14982.332559385604,7026982.332559385
IVF_FLAT,12401,101,100.0,12764.16311625076,12769.16311625076
IVF_FLAT,12401,201,100.0,9960.3514604607,9965.3514604607
IVF_FLAT,12401,301,100.0,8262.196395154142,8267.196395154142
IVF_FLAT,12401,401,100.0,9511.756168359942,9516.756168359942
IVF_FLAT,12401,501,100.0,8398.85460261519,8403.85460261519
IVF_FLAT,12401,601,100.0,8303.579347481787,8308.579347481787
IVF_FLAT,12401,701,100.0,8305.223555502753,8310.223555502753
IVF_FLAT,12401,801,100.0,9531.4259743211,9536.4259743211
IVF_FLAT,12401,901,100.0,7310.333769063181,7315.333769063181
IVF_FLAT,12401,1001,100.0,8825.097313106235,8830.097313106235
IVF_FLAT,12401,1101,100.0,8715.799098144338,8720.799098144338
IVF_FLAT,12401,1201,100.0,9397.315887347926,9402.315887347926
IVF_FLAT,12501,1,24.88,14525.225100429425,7026525.22510043
IVF_FLAT,12501,101,100.0,11456.090899158746,11461.090899158746
IVF_FLAT,12501,201,100.0,9590.487949878812,9595.487949878812
IVF_FLAT,12501,301,100.0,8434.661250427333,8439.661250427333
IVF_FLAT,12501,401,100.0,8823.98333789157,8828.98333789157
IVF_FLAT,12501,501,100.0,9944.764795144158,9949.764795144158
IVF_FLAT,12501,601,100.0,9842.08747888117,9847.08747888117
IVF_FLAT,12501,701,100.0,8918.54812987731,8923.54812987731
IVF_FLAT,12501,801,100.0,9482.08165664421,9487.08165664421
IVF_FLAT,12501,901,100.0,10125.54378002559,10130.54378002559
IVF_FLAT,12501,1001,100.0,8904.347826086956,8909.347826086956
IVF_FLAT,12501,1101,100.0,8933.17430567388,8938.17430567388
IVF_FLAT,12501,1201,100.0,7720.477847111013,7725.477847111013
IVF_FLAT,12601,1,24.88,14933.257378858549,7026933.2573788585
IVF_FLAT,12601,101,100.0,11882.890897243393,11887.890897243393
IVF_FLAT,12601,201,100.0,10576.186393665845,10581.186393665845
IVF_FLAT,12601,301,100.0,9642.299822984436,9647.299822984436
IVF_FLAT,12601,401,100.0,8842.58638500622,8847.58638500622
IVF_FLAT,12601,501,100.0,8366.019746683953,8371.019746683953
IVF_FLAT,12601,601,100.0,8495.481152903527,8500.481152903527
IVF_FLAT,12601,701,100.0,7637.5330043520225,7642.5330043520225
IVF_FLAT,12601,801,100.0,9802.065903248422,9807.065903248422
IVF_FLAT,12601,901,100.0,9929.69696969697,9934.69696969697
IVF_FLAT,12601,1001,100.0,8709.283830644325,8714.283830644325
IVF_FLAT,12601,1101,100.0,9522.769894426156,9527.769894426156
IVF_FLAT,12601,1201,100.0,8734.130190329432,8739.130190329432
IVF_FLAT,12701,1,24.88,14602.597221738675,7026602.597221739
IVF_FLAT,12701,101,100.0,11322.797829549443,11327.797829549443
IVF_FLAT,12701,201,100.0,11432.670973369311,11437.670973369311
IVF_FLAT,12701,301,100.0,9732.015406747412,9737.015406747412
IVF_FLAT,12701,401,100.0,8912.48379762436,8917.48379762436
IVF_FLAT,12701,501,100.0,9596.632041367318,9601.632041367318
IVF_FLAT,12701,601,100.0,9688.404324124547,9693.404324124547
IVF_FLAT,12701,701,100.0,8688.536272113353,8693.536272113353
IVF_FLAT,12701,801,100.0,9880.342041412452,9885.342041412452
IVF_FLAT,12701,901,100.0,8176.19056901694,8181.19056901694
IVF_FLAT,12701,1001,100.0,9924.997633696166,9929.997633696166
IVF_FLAT,12701,1101,100.0,10143.6649012068,10148.6649012068
IVF_FLAT,12701,1201,100.0,8678.28929672467,8683.28929672467
IVF_FLAT,12801,1,24.88,14003.418803418805,7026003.418803419
IVF_FLAT,12801,101,100.0,12759.503528839134,12764.503528839134
IVF_FLAT,12801,201,100.0,9863.61263316323,9868.61263316323
IVF_FLAT,12801,301,100.0,8662.337876910367,8667.337876910367
IVF_FLAT,12801,401,100.0,8625.817994858611,8630.817994858611
IVF_FLAT,12801,501,100.0,9628.133966898517,9633.133966898517
IVF_FLAT,12801,601,100.0,8618.196761732555,8623.196761732555
IVF_FLAT,12801,701,100.0,8868.012770365985,8873.012770365985
IVF_FLAT,12801,801,100.0,10260.039138943248,10265.039138943248
IVF_FLAT,12801,901,100.0,8719.966735966736,8724.966735966736
IVF_FLAT,12801,1001,100.0,10284.69422784562,10289.69422784562
IVF_FLAT,12801,1101,100.0,9431.124502507138,9436.124502507138
IVF_FLAT,12801,1201,100.0,8960.464867867291,8965.464867867291
IVF_FLAT,12901,1,24.88,14526.231211470527,7026526.23121147
IVF_FLAT,12901,101,100.0,12090.815797059671,12095.815797059671
IVF_FLAT,12901,201,100.0,9786.05692953803,9791.05692953803
IVF_FLAT,12901,301,100.0,8297.337289812067,8302.337289812067
IVF_FLAT,12901,401,100.0,9102.814853397573,9107.814853397573
IVF_FLAT,12901,501,100.0,8706.029848267846,8711.029848267846
IVF_FLAT,12901,601,100.0,10239.750006103366,10244.750006103366
IVF_FLAT,12901,701,100.0,9809.63117150408,9814.63117150408
IVF_FLAT,12901,801,100.0,9184.339143382676,9189.339143382676
IVF_FLAT,12901,901,100.0,8668.783068783068,8673.783068783068
IVF_FLAT,12901,1001,100.0,9060.146023242753,9065.146023242753
IVF_FLAT,12901,1101,100.0,8790.510122815107,8795.510122815107
IVF_FLAT,12901,1201,100.0,8593.652549839162,8598.652549839162
IVF_FLAT,13001,1,24.88,15263.11499272198,7027263.114992722
IVF_FLAT,13001,101,100.0,11872.127713776215,11877.127713776215
IVF_FLAT,13001,201,100.0,9296.710701303307,9301.710701303307
IVF_FLAT,13001,301,100.0,8039.685643089899,8044.685643089899
IVF_FLAT,13001,401,100.0,9451.100745848262,9456.100745848262
IVF_FLAT,13001,501,100.0,8074.820476291319,8079.820476291319
IVF_FLAT,13001,601,100.0,7713.946260092325,7718.946260092325
IVF_FLAT,13001,701,100.0,8508.406361570918,8513.406361570918
IVF_FLAT,13001,801,100.0,9133.340591860288,9138.340591860288
IVF_FLAT,13001,901,100.0,10013.139801375097,10018.139801375097
IVF_FLAT,13001,1001,100.0,8638.075624021749,8643.075624021749
IVF_FLAT,13001,1101,100.0,8723.775452900434,8728.775452900434
IVF_FLAT,13001,1201,100.0,8003.175087772859,8008.175087772859
IVF_FLAT,13101,1,24.88,14664.373120760783,7026664.373120761
IVF_FLAT,13101,101,100.0,12266.198748318418,12271.198748318418
IVF_FLAT,13101,201,100.0,9624.599004107484,9629.599004107484
IVF_FLAT,13101,301,100.0,8066.279472287396,8071.279472287396
IVF_FLAT,13101,401,100.0,10074.22779459096,10079.22779459096
IVF_FLAT,13101,501,100.0,9632.998782756482,9637.998782756482
IVF_FLAT,13101,601,100.0,9140.904435000544,9145.904435000544
IVF_FLAT,13101,701,100.0,9455.788263408256,9460.788263408256
IVF_FLAT,13101,801,100.0,9501.198323705969,9506.198323705969
IVF_FLAT,13101,901,100.0,7988.541825384733,7993.541825384733
IVF_FLAT,13101,1001,100.0,9430.2763225937,9435.2763225937
IVF_FLAT,13101,1101,100.0,8023.537063605931,8028.537063605931
IVF_FLAT,13101,1201,100.0,7887.440058671982,7892.440058671982
IVF_FLAT,13101,1301,100.0,7290.131052942608,7295.131052942608
IVF_FLAT,13201,1,24.88,14991.97197698109,7026991.9719769815
IVF_FLAT,13201,101,100.0,13161.904164182382,13166.904164182382
IVF_FLAT,13201,201,100.0,11005.783258987143,11010.783258987143
IVF_FLAT,13201,301,100.0,8805.458400688598,8810.458400688598
IVF_FLAT,13201,401,100.0,8850.049585381807,8855.049585381807
IVF_FLAT,13201,501,100.0,8495.481152903527,8500.481152903527
IVF_FLAT,13201,601,100.0,8780.756589277116,8785.756589277116
IVF_FLAT,13201,701,100.0,8116.6985970004835,8121.6985970004835
IVF_FLAT,13201,801,100.0,8634.874624284597,8639.874624284597
IVF_FLAT,13201,901,100.0,9926.64189525004,9931.64189525004
IVF_FLAT,13201,1001,100.0,9994.052611513534,9999.052611513534
IVF_FLAT,13201,1101,100.0,9220.885088047136,9225.885088047136
IVF_FLAT,13201,1201,100.0,8599.643245238143,8604.643245238143
IVF_FLAT,13201,1301,100.0,9023.113329317615,9028.113329317615
IVF_FLAT,13301,1,24.88,15063.582818560551,7027063.58281856
IVF_FLAT,13301,101,100.0,11804.96481846327,11809.96481846327
IVF_FLAT,13301,201,100.0,10230.758348171816,10235.758348171816
IVF_FLAT,13301,301,100.0,9155.070502466497,9160.070502466497
IVF_FLAT,13301,401,100.0,9222.709881701045,9227.709881701045
IVF_FLAT,13301,501,100.0,8571.69950134881,8576.69950134881
IVF_FLAT,13301,601,100.0,8456.599056413565,8461.599056413565
IVF_FLAT,13301,701,100.0,8632.919625398785,8637.919625398785
IVF_FLAT,13301,801,100.0,9235.300334683812,9240.300334683812
IVF_FLAT,13301,901,100.0,8381.567483314016,8386.567483314016
IVF_FLAT,13301,1001,100.0,8612.533880903491,8617.533880903491
IVF_FLAT,13301,1101,100.0,8530.903469877558,8535.903469877558
IVF_FLAT,13301,1201,100.0,8488.775551507792,8493.775551507792
IVF_FLAT,13301,1301,100.0,7668.392569840574,7673.392569840574
IVF_FLAT,13401,1,24.88,15263.11499272198,7027263.114992722
IVF_FLAT,13401,101,100.0,12016.685766674307,12021.685766674307
IVF_FLAT,13401,201,100.0,9140.107651071065,9145.107651071065
IVF_FLAT,13401,301,100.0,8641.100970353737,8646.100970353737
IVF_FLAT,13401,401,100.0,8866.513053588416,8871.513053588416
IVF_FLAT,13401,501,100.0,8995.054579767955,9000.054579767955
IVF_FLAT,13401,601,100.0,9642.743177690416,9647.743177690416
IVF_FLAT,13401,701,100.0,8650.903390809339,8655.903390809339
IVF_FLAT,13401,801,100.0,9566.644618297105,9571.644618297105
IVF_FLAT,13401,901,100.0,8847.995949708886,8852.995949708886
IVF_FLAT,13401,1001,100.0,9676.111380256996,9681.111380256996
IVF_FLAT,13401,1101,100.0,9129.96081845886,9134.96081845886
IVF_FLAT,13401,1201,100.0,9573.632192828283,9578.632192828283
IVF_FLAT,13401,1301,100.0,9470.306396622183,9475.306396622183
IVF_FLAT,13501,1,24.88,14429.77947500602,7026429.779475006
IVF_FLAT,13501,101,100.0,11978.59203198629,11983.59203198629
IVF_FLAT,13501,201,100.0,9408.69916328316,9413.69916328316
IVF_FLAT,13501,301,100.0,8281.446087626118,8286.446087626118
IVF_FLAT,13501,401,100.0,8248.872106515626,8253.872106515626
IVF_FLAT,13501,501,100.0,10017.683727817715,10022.683727817715
IVF_FLAT,13501,601,100.0,10021.273952310412,10026.273952310412
IVF_FLAT,13501,701,100.0,8833.461101048819,8838.461101048819
IVF_FLAT,13501,801,100.0,10116.751489423286,10121.751489423286
IVF_FLAT,13501,901,100.0,10039.023456199138,10044.023456199138
IVF_FLAT,13501,1001,100.0,8788.484023048717,8793.484023048717
IVF_FLAT,13501,1101,100.0,9641.413235868791,9646.413235868791
IVF_FLAT,13501,1201,100.0,9514.129522513327,9519.129522513327
IVF_FLAT,13501,1301,100.0,8853.038394157502,8858.038394157502
IVF_FLAT,13601,1,24.88,13800.684390629112,7025800.684390629
IVF_FLAT,13601,101,100.0,12967.395269748027,12972.395269748027
IVF_FLAT,13601,201,100.0,9815.599915752033,9820.599915752033
IVF_FLAT,13601,301,100.0,8931.462277208748,8936.462277208748
IVF_FLAT,13601,401,100.0,9605.422983557,9610.422983557
IVF_FLAT,13601,501,100.0,8440.09256464433,8445.09256464433
IVF_FLAT,13601,601,100.0,7679.203207674985,7684.203207674985
IVF_FLAT,13601,701,100.0,8214.300542488396,8219.300542488396
IVF_FLAT,13601,801,100.0,9346.013636971344,9351.013636971344
IVF_FLAT,13601,901,100.0,9906.24468587624,9911.24468587624
IVF_FLAT,13601,1001,100.0,8616.07230895645,8621.07230895645
IVF_FLAT,13601,1101,100.0,8797.332046898924,8802.332046898924
IVF_FLAT,13601,1201,100.0,9818.12734082397,9823.12734082397
IVF_FLAT,13601,1301,100.0,9191.78628563915,9196.78628563915
IVF_FLAT,13701,1,24.88,14797.33286293879,7026797.332862939
IVF_FLAT,13701,101,100.0,13995.008341675008,14000.008341675008
IVF_FLAT,13701,201,100.0,11493.448058531772,11498.448058531772
IVF_FLAT,13701,301,100.0,8523.275756959967,8528.275756959967
IVF_FLAT,13701,401,100.0,9026.608703137776,9031.608703137776
IVF_FLAT,13701,501,100.0,8985.804571844807,8990.804571844807
IVF_FLAT,13701,601,100.0,9527.095968199888,9532.095968199888
IVF_FLAT,13701,701,100.0,9574.943499600502,9579.943499600502
IVF_FLAT,13701,801,100.0,9696.691711940815,9701.691711940815
IVF_FLAT,13701,901,100.0,8440.432254039804,8445.432254039804
IVF_FLAT,13701,1001,100.0,9387.220518788748,9392.220518788748
IVF_FLAT,13701,1101,100.0,8225.41575149043,8230.41575149043
IVF_FLAT,13701,1201,100.0,8600.877660665217,8605.877660665217
IVF_FLAT,13701,1301,100.0,7499.068495110047,7504.068495110047
IVF_FLAT,13801,1,24.88,14468.605333057369,7026468.605333057
IVF_FLAT,13801,101,100.0,12030.817772423488,12035.817772423488
IVF_FLAT,13801,201,100.0,9870.808622799586,9875.808622799586
IVF_FLAT,13801,301,100.0,9969.347784749953,9974.347784749953
IVF_FLAT,13801,401,100.0,9613.789309617676,9618.789309617676
IVF_FLAT,13801,501,100.0,9735.629729353326,9740.629729353326
IVF_FLAT,13801,601,100.0,6758.139310055911,6763.139310055911
IVF_FLAT,13801,701,100.0,8042.306291105018,8047.306291105018
IVF_FLAT,13801,801,100.0,8911.347653345232,8916.347653345232
IVF_FLAT,13801,901,100.0,9136.523841679918,9141.523841679918
IVF_FLAT,13801,1001,100.0,8600.701293907765,8605.701293907765
IVF_FLAT,13801,1101,100.0,8839.79092901703,8844.79092901703
IVF_FLAT,13801,1201,100.0,8926.140160463086,8931.140160463086
IVF_FLAT,13801,1301,100.0,8447.742195367573,8452.742195367573
IVF_FLAT,13901,1,24.88,13783.450542228064,7025783.450542228
IVF_FLAT,13901,101,100.0,12563.438670061403,12568.438670061403
IVF_FLAT,13901,201,100.0,10024.627151051624,10029.627151051624
IVF_FLAT,13901,301,100.0,9024.083994922436,9029.083994922436
IVF_FLAT,13901,401,100.0,9421.802906754723,9426.802906754723
IVF_FLAT,13901,501,100.0,8909.265474319214,8914.265474319214
IVF_FLAT,13901,601,100.0,8040.456244608454,8045.456244608454
IVF_FLAT,13901,701,100.0,8413.5119955067,8418.5119955067
IVF_FLAT,13901,801,100.0,9530.343103840036,9535.343103840036
IVF_FLAT,13901,901,100.0,8725.771823250396,8730.771823250396
IVF_FLAT,13901,1001,100.0,8829.556028040335,8834.556028040335
IVF_FLAT,13901,1101,100.0,9905.074979336405,9910.074979336405
IVF_FLAT,13901,1201,100.0,9246.49809307555,9251.49809307555
IVF_FLAT,13901,1301,100.0,9690.8666620457,9695.8666620457
IVF_FLAT,14001,1,24.88,14675.147825478463,7026675.147825479
IVF_FLAT,14001,101,100.0,13319.056238290304,13324.056238290304
IVF_FLAT,14001,201,100.0,10111.629701060752,10116.629701060752
IVF_FLAT,14001,301,100.0,9403.847361104885,9408.847361104885
IVF_FLAT,14001,401,100.0,8629.544893424409,8634.544893424409
IVF_FLAT,14001,501,100.0,8971.197570209399,8976.197570209399
IVF_FLAT,14001,601,100.0,9181.524451643974,9186.524451643974
IVF_FLAT,14001,701,100.0,8851.543737469663,8856.543737469663
IVF_FLAT,14001,801,100.0,9494.745897000566,9499.745897000566
IVF_FLAT,14001,901,100.0,8791.984236783634,8796.984236783634
IVF_FLAT,14001,1001,100.0,8788.484023048717,8793.484023048717
IVF_FLAT,14001,1101,100.0,8515.834568452683,8520.834568452683
IVF_FLAT,14001,1201,100.0,9484.225759768451,9489.225759768451
IVF_FLAT,14001,1301,100.0,8376.88036748552,8381.88036748552
IVF_FLAT,14101,1,24.88,14615.31814063698,7026615.318140637
IVF_FLAT,14101,101,100.0,12511.34709461878,12516.34709461878
IVF_FLAT,14101,201,100.0,9539.66383878818,9544.66383878818
IVF_FLAT,14101,301,100.0,8739.043650380248,8744.043650380248
IVF_FLAT,14101,401,100.0,8635.763552883527,8640.763552883527
IVF_FLAT,14101,501,100.0,8653.580639171429,8658.580639171429
IVF_FLAT,14101,601,100.0,9619.080818273553,9624.080818273553
IVF_FLAT,14101,701,100.0,8546.374065244412,8551.374065244412
IVF_FLAT,14101,801,100.0,8832.345013477088,8837.345013477088
IVF_FLAT,14101,901,100.0,8697.905520301936,8702.905520301936
IVF_FLAT,14101,1001,100.0,9095.90562109646,9100.90562109646
IVF_FLAT,14101,1101,100.0,9869.87951807229,9874.87951807229
IVF_FLAT,14101,1201,100.0,9610.044678657348,9615.044678657348
IVF_FLAT,14101,1301,100.0,9721.413837061073,9726.413837061073
IVF_FLAT,14101,1401,100.0,8210.602145485866,8215.602145485866
IVF_FLAT,14201,1,24.88,14120.333961755992,7026120.333961756
IVF_FLAT,14201,101,100.0,11287.451223122258,11292.451223122258
IVF_FLAT,14201,201,100.0,10112.361067579624,10117.361067579624
IVF_FLAT,14201,301,100.0,8339.571320634668,8344.571320634668
IVF_FLAT,14201,401,100.0,9485.941740546408,9490.941740546408
IVF_FLAT,14201,501,100.0,8420.77536188239,8425.77536188239
IVF_FLAT,14201,601,100.0,8339.737140357505,8344.737140357505
IVF_FLAT,14201,701,100.0,8367.688778054862,8372.688778054862
IVF_FLAT,14201,801,100.0,8375.374907645919,8380.374907645919
IVF_FLAT,14201,901,100.0,8608.821658011946,8613.821658011946
IVF_FLAT,14201,1001,100.0,9782.861407846249,9787.861407846249
IVF_FLAT,14201,1101,100.0,9303.928484283844,9308.928484283844
IVF_FLAT,14201,1201,100.0,9638.311464485145,9643.311464485145
IVF_FLAT,14201,1301,100.0,10386.311071490478,10391.311071490478
IVF_FLAT,14201,1401,100.0,8647.69287864418,8652.69287864418
IVF_FLAT,14301,1,24.88,14474.59709424716,7026474.597094247
IVF_FLAT,14301,101,100.0,10918.40166601588,10923.40166601588
IVF_FLAT,14301,201,100.0,9187.558047840184,9192.558047840184
IVF_FLAT,14301,301,100.0,8396.332626015934,8401.332626015934
IVF_FLAT,14301,401,100.0,8230.257839174286,8235.257839174286
IVF_FLAT,14301,501,100.0,8509.78737217984,8514.78737217984
IVF_FLAT,14301,601,100.0,9500.33749348796,9505.33749348796
IVF_FLAT,14301,701,100.0,8638.431437162746,8643.431437162746
IVF_FLAT,14301,801,100.0,8704.584414236795,8709.584414236795
IVF_FLAT,14301,901,100.0,8601.936013125513,8606.936013125513
IVF_FLAT,14301,1001,100.0,8816.008071296452,8821.008071296452
IVF_FLAT,14301,1101,100.0,9995.005242588886,10000.005242588886
IVF_FLAT,14301,1201,100.0,8680.983525126252,8685.983525126252
IVF_FLAT,14301,1301,100.0,8746.6978082706,8751.6978082706
IVF_FLAT,14301,1401,100.0,8498.235234525377,8503.235234525377
IVF_FLAT,14401,1,24.88,14410.939701082289,7026410.939701082
IVF_FLAT,14401,101,100.0,12394.14910906888,12399.14910906888
IVF_FLAT,14401,201,100.0,10648.95523903826,10653.95523903826
IVF_FLAT,14401,301,100.0,9551.177301088492,9556.177301088492
IVF_FLAT,14401,401,100.0,9636.318522262556,9641.318522262556
IVF_FLAT,14401,501,100.0,9957.98670465337,9962.98670465337
IVF_FLAT,14401,601,100.0,7475.012029726791,7480.012029726791
IVF_FLAT,14401,701,100.0,8299.471674218888,8304.471674218888
IVF_FLAT,14401,801,100.0,8628.834759710337,8633.834759710337
IVF_FLAT,14401,901,100.0,7640.176327006448,7645.176327006448
IVF_FLAT,14401,1001,100.0,9684.154140980352,9689.154140980352
IVF_FLAT,14401,1101,100.0,8979.456219225005,8984.456219225005
IVF_FLAT,14401,1201,100.0,8632.386597513789,8637.386597513789
IVF_FLAT,14401,1301,100.0,8860.706439073854,8865.706439073854
IVF_FLAT,14401,1401,100.0,9668.973466423846,9673.973466423846
IVF_FLAT,14501,1,24.88,14401.043776824034,7026401.043776824
IVF_FLAT,14501,101,100.0,12073.066405687803,12078.066405687803
IVF_FLAT,14501,201,100.0,11140.841478963026,11145.841478963026
IVF_FLAT,14501,301,100.0,8615.541359406774,8620.541359406774
IVF_FLAT,14501,401,100.0,9538.796024652613,9543.796024652613
IVF_FLAT,14501,501,100.0,9875.921827172122,9880.921827172122
IVF_FLAT,14501,601,100.0,9947.595104828764,9952.595104828764
IVF_FLAT,14501,701,100.0,10168.502715283164,10173.502715283164
IVF_FLAT,14501,801,100.0,10032.060082757302,10037.060082757302
IVF_FLAT,14501,901,100.0,8884.919609379966,8889.919609379966
IVF_FLAT,14501,1001,100.0,9660.288359666498,9665.288359666498
IVF_FLAT,14501,1101,100.0,9548.133309051174,9553.133309051174
IVF_FLAT,14501,1201,100.0,9637.868517199384,9642.868517199384
IVF_FLAT,14501,1301,100.0,9658.953574060428,9663.953574060428
IVF_FLAT,14501,1401,100.0,8737.951292681402,8742.951292681402
IVF_FLAT,14601,1,24.88,14518.688774273944,7026518.688774274
IVF_FLAT,14601,101,100.0,14402.032757614255,14407.032757614255
IVF_FLAT,14601,201,100.0,11939.379447765445,11944.379447765445
IVF_FLAT,14601,301,100.0,10606.407889745858,10611.407889745858
IVF_FLAT,14601,401,100.0,10598.63546773134,10603.63546773134
IVF_FLAT,14601,501,100.0,10388.883659871695,10393.883659871695
IVF_FLAT,14601,601,100.0,10405.894757734388,10410.894757734388
IVF_FLAT,14601,701,100.0,10251.763498154622,10256.763498154622
IVF_FLAT,14601,801,100.0,10395.320709824528,10400.320709824528
IVF_FLAT,14601,901,100.0,10362.958936601275,10367.958936601275
IVF_FLAT,14601,1001,100.0,10230.00975609756,10235.00975609756
IVF_FLAT,14601,1101,100.0,10597.296546148207,10602.296546148207
IVF_FLAT,14601,1201,100.0,10664.388507500636,10669.388507500636
IVF_FLAT,14601,1301,100.0,10550.911880864338,10555.911880864338
IVF_FLAT,14601,1401,100.0,8061.1635371221,8066.1635371221
IVF_FLAT,14701,1,24.88,14040.921264059987,7026040.92126406
IVF_FLAT,14701,101,100.0,12206.227809789883,12211.227809789883
IVF_FLAT,14701,201,100.0,9372.327493743296,9377.327493743296
IVF_FLAT,14701,301,100.0,8503.748758185837,8508.748758185837
IVF_FLAT,14701,401,100.0,9995.005242588886,10000.005242588886
IVF_FLAT,14701,501,100.0,8772.308786313346,8777.308786313346
IVF_FLAT,14701,601,100.0,8479.679760629157,8484.679760629157
IVF_FLAT,14701,701,100.0,9531.859191418767,9536.859191418767
IVF_FLAT,14701,801,100.0,9438.340196674091,9443.340196674091
IVF_FLAT,14701,901,100.0,8600.877660665217,8605.877660665217
IVF_FLAT,14701,1001,100.0,9954.441675566632,9959.441675566632
IVF_FLAT,14701,1101,100.0,9128.172539119458,9133.172539119458
IVF_FLAT,14701,1201,100.0,8581.696163682864,8586.696163682864
IVF_FLAT,14701,1301,100.0,8745.968263235816,8750.968263235816
IVF_FLAT,14701,1401,100.0,8416.213179227867,8421.213179227867
IVF_FLAT,14801,1,24.88,14870.7817762808,7026870.781776281
IVF_FLAT,14801,101,100.0,12477.106139933365,12482.106139933365
IVF_FLAT,14801,201,100.0,10162.097204050977,10167.097204050977
IVF_FLAT,14801,301,100.0,8602.288855162229,8607.288855162229
IVF_FLAT,14801,401,100.0,8714.531477249117,8719.531477249117
IVF_FLAT,14801,501,100.0,9024.472319641973,9029.472319641973
IVF_FLAT,14801,601,100.0,8890.381109839333,8895.381109839333
IVF_FLAT,14801,701,100.0,8242.55001375624,8247.55001375624
IVF_FLAT,14801,801,100.0,8009.288114879316,8014.288114879316
IVF_FLAT,14801,901,100.0,8493.072795383214,8498.072795383214
IVF_FLAT,14801,1001,100.0,8679.546395165964,8684.546395165964
IVF_FLAT,14801,1101,100.0,10118.45990543279,10123.45990543279
IVF_FLAT,14801,1201,100.0,9100.444791598864,9105.444791598864
IVF_FLAT,14801,1301,100.0,8702.05605925434,8707.05605925434
IVF_FLAT,14801,1401,100.0,9208.536049881444,9213.536049881444
IVF_FLAT,14901,1,24.88,14853.40321552518,7026853.403215525
IVF_FLAT,14901,101,100.0,11938.699760901742,11943.699760901742
IVF_FLAT,14901,201,100.0,10747.460667247477,10752.460667247477
IVF_FLAT,14901,301,100.0,8700.431463657484,8705.431463657484
IVF_FLAT,14901,401,100.0,8527.261268221278,8532.261268221278
IVF_FLAT,14901,501,100.0,9736.081708449396,9741.081708449396
IVF_FLAT,14901,601,100.0,8376.88036748552,8381.88036748552
IVF_FLAT,14901,701,100.0,10034.460154549151,10039.460154549151
IVF_FLAT,14901,801,100.0,10066.973886328726,10071.973886328726
IVF_FLAT,14901,901,100.0,7462.112154853402,7467.112154853402
IVF_FLAT,14901,1001,100.0,8373.201309590353,8378.201309590353
IVF_FLAT,14901,1101,100.0,8329.137955001292,8334.137955001292
IVF_FLAT,14901,1201,100.0,8643.594023699125,8648.594023699125
IVF_FLAT,14901,1301,100.0,9451.526691754738,9456.526691754738
IVF_FLAT,14901,1401,100.0,8208.513219954204,8213.513219954204
IVF_FLAT,15001,1,24.88,14660.78506763606,7026660.7850676365
IVF_FLAT,15001,101,100.0,11012.71858425668,11017.71858425668
IVF_FLAT,15001,201,100.0,9807.10811821923,9812.10811821923
IVF_FLAT,15001,301,100.0,9541.18289353958,9546.18289353958
IVF_FLAT,15001,401,100.0,8557.009955932757,8562.009955932757
IVF_FLAT,15001,501,100.0,8555.264553502224,8560.264553502224
IVF_FLAT,15001,601,100.0,9115.872291408576,9120.872291408576
IVF_FLAT,15001,701,100.0,8527.261268221278,8532.261268221278
IVF_FLAT,15001,801,100.0,8319.885743756571,8324.885743756571
IVF_FLAT,15001,901,100.0,8268.059689723827,8273.059689723827
IVF_FLAT,15001,1001,100.0,8739.225736550403,8744.225736550403
IVF_FLAT,15001,1101,100.0,9507.01301056258,9512.01301056258
IVF_FLAT,15001,1201,100.0,9843.704381703395,9848.704381703395
IVF_FLAT,15001,1301,100.0,9320.882686281917,9325.882686281917
IVF_FLAT,15001,1401,100.0,9360.405275725858,9365.405275725858
IVF_FLAT,15101,1,24.88,14271.19428376999,7026271.19428377
IVF_FLAT,15101,101,100.0,12569.462674937817,12574.462674937817
IVF_FLAT,15101,201,100.0,10548.52371611086,10553.52371611086
IVF_FLAT,15101,301,100.0,8849.489408388894,8854.489408388894
IVF_FLAT,15101,401,100.0,8814.3406535673,8819.3406535673
IVF_FLAT,15101,501,100.0,8636.296997899764,8641.296997899764
IVF_FLAT,15101,601,100.0,9124.598081232189,9129.598081232189
IVF_FLAT,15101,701,100.0,10053.702150099474,10058.702150099474
IVF_FLAT,15101,801,100.0,9614.230046302664,9619.230046302664
IVF_FLAT,15101,901,100.0,8566.447449042114,8571.447449042114
IVF_FLAT,15101,1001,100.0,8701.8755186722,8706.8755186722
IVF_FLAT,15101,1101,100.0,9575.162085654278,9580.162085654278
IVF_FLAT,15101,1201,100.0,9039.643095756372,9044.643095756372
IVF_FLAT,15101,1301,100.0,9968.400038026428,9973.400038026428
IVF_FLAT,15101,1401,100.0,8051.569308736299,8056.569308736299
IVF_FLAT,15101,1501,100.0,7685.535236559534,7690.535236559534
IVF_FLAT,15201,1,24.88,14942.301389383683,7026942.301389384
IVF_FLAT,15201,101,100.0,12297.487319318616,12302.487319318616
IVF_FLAT,15201,201,100.0,10110.410991924791,10115.410991924791
IVF_FLAT,15201,301,100.0,8516.180382124221,8521.180382124221
IVF_FLAT,15201,401,100.0,8740.136281231116,8745.136281231116
IVF_FLAT,15201,501,100.0,8481.394455341435,8486.394455341435
IVF_FLAT,15201,601,100.0,8379.725490979561,8384.725490979561
IVF_FLAT,15201,701,100.0,8633.097315988804,8638.097315988804
IVF_FLAT,15201,801,100.0,9266.108472329615,9271.108472329615
IVF_FLAT,15201,901,100.0,10123.099944488691,10128.099944488691
IVF_FLAT,15201,1001,100.0,9351.639874250295,9356.639874250295
IVF_FLAT,15201,1101,100.0,8840.34987880704,8845.34987880704
IVF_FLAT,15201,1201,100.0,8547.94163202087,8552.94163202087
IVF_FLAT,15201,1301,100.0,10328.254124599853,10333.254124599853
IVF_FLAT,15201,1401,100.0,9243.034069372825,9248.034069372825
IVF_FLAT,15201,1501,100.0,8774.694560669455,8779.694560669455
IVF_FLAT,15301,1,24.88,13895.785846806257,7025895.785846806
IVF_FLAT,15301,101,100.0,12931.413596423616,12936.413596423616
IVF_FLAT,15301,201,100.0,8982.340721704679,8987.340721704679
IVF_FLAT,15301,301,100.0,8345.877109200892,8350.877109200892
IVF_FLAT,15301,401,100.0,8518.60186445153,8523.60186445153
IVF_FLAT,15301,501,100.0,9870.808622799586,9875.808622799586
IVF_FLAT,15301,601,100.0,9524.932440104463,9529.932440104463
IVF_FLAT,15301,701,100.0,8836.06640262914,8841.06640262914
IVF_FLAT,15301,801,100.0,8793.274492127717,8798.274492127717
IVF_FLAT,15301,901,100.0,9362.494698542378,9367.494698542378
IVF_FLAT,15301,1001,100.0,9330.213106731326,9335.213106731326
IVF_FLAT,15301,1101,100.0,8686.377003686368,8691.377003686368
IVF_FLAT,15301,1201,100.0,9122.216664129275,9127.216664129275
IVF_FLAT,15301,1301,100.0,9810.778443113772,9815.778443113772
IVF_FLAT,15301,1401,100.0,9639.640550665348,9644.640550665348
IVF_FLAT,15301,1501,100.0,9512.403329326651,9517.403329326651
IVF_FLAT,15401,1,24.88,14786.378058238735,7026786.378058239
IVF_FLAT,15401,101,100.0,12237.92489714936,12242.92489714936
IVF_FLAT,15401,201,100.0,10743.056195891604,10748.056195891604
IVF_FLAT,15401,301,100.0,8071.557231929797,8076.557231929797
IVF_FLAT,15401,401,100.0,9661.400962845231,9666.400962845231
IVF_FLAT,15401,501,100.0,8246.601521794695,8251.601521794695
IVF_FLAT,15401,601,100.0,9471.37566615482,9476.37566615482
IVF_FLAT,15401,701,100.0,8040.918676431118,8045.918676431118
IVF_FLAT,15401,801,100.0,8037.374724537703,8042.374724537703
IVF_FLAT,15401,901,100.0,8752.903858594713,8757.903858594713
IVF_FLAT,15401,1001,100.0,8797.332046898924,8802.332046898924
IVF_FLAT,15401,1101,100.0,10166.777360319962,10171.777360319962
IVF_FLAT,15401,1201,100.0,8800.654650748022,8805.654650748022
IVF_FLAT,15401,1301,100.0,7832.93928698153,7837.93928698153
IVF_FLAT,15401,1401,100.0,8875.894614326526,8880.894614326526
IVF_FLAT,15401,1501,100.0,9452.804759865678,9457.804759865678
IVF_FLAT,15501,1,24.88,13802.500987231802,7025802.500987232
IVF_FLAT,15501,101,100.0,12920.259988294363,12925.259988294363
IVF_FLAT,15501,201,100.0,9429.216312216176,9434.216312216176
IVF_FLAT,15501,301,100.0,8450.124909339995,8455.124909339995
IVF_FLAT,15501,401,100.0,8330.957772216263,8335.957772216263
IVF_FLAT,15501,501,100.0,8612.887592919627,8617.887592919627
IVF_FLAT,15501,601,100.0,9651.174670378978,9656.174670378978
IVF_FLAT,15501,701,100.0,9626.587101216432,9631.587101216432
IVF_FLAT,15501,801,100.0,9510.46211056188,9515.46211056188
IVF_FLAT,15501,901,100.0,8522.409834400081,8527.409834400081
IVF_FLAT,15501,1001,100.0,9539.66383878818,9544.66383878818
IVF_FLAT,15501,1101,100.0,9909.755463673951,9914.755463673951
IVF_FLAT,15501,1201,100.0,7597.138147765763,7602.138147765763
IVF_FLAT,15501,1301,100.0,9631.00803673938,9636.00803673938
IVF_FLAT,15501,1401,100.0,7054.585821209318,7059.585821209318
IVF_FLAT,15501,1501,100.0,8123.773000193686,8128.773000193686
IVF_FLAT,15601,1,24.88,14119.858609661673,7026119.858609661
IVF_FLAT,15601,101,100.0,13168.515902169476,13173.515902169476
IVF_FLAT,15601,201,100.0,11503.219790466786,11508.219790466786
IVF_FLAT,15601,301,100.0,8631.14312172034,8636.14312172034
IVF_FLAT,15601,401,100.0,10077.616530514177,10082.616530514177
IVF_FLAT,15601,501,100.0,10215.55847825028,10220.55847825028
IVF_FLAT,15601,601,100.0,10055.630409244564,10060.630409244564
IVF_FLAT,15601,701,100.0,8156.633347594415,8161.633347594415
IVF_FLAT,15601,801,100.0,7804.808336434686,7809.808336434686
IVF_FLAT,15601,901,100.0,7779.186527440325,7784.186527440325
IVF_FLAT,15601,1001,100.0,9461.547484773291,9466.547484773291
IVF_FLAT,15601,1101,100.0,8644.841089904778,8649.841089904778
IVF_FLAT,15601,1201,100.0,9321.089826214498,9326.089826214498
IVF_FLAT,15601,1301,100.0,9597.510411422818,9602.510411422818
IVF_FLAT,15601,1401,100.0,9199.649061238812,9204.649061238812
IVF_FLAT,15601,1501,100.0,8251.793267622814,8256.793267622814
IVF_FLAT,15701,1,24.88,14624.490934449092,7026624.490934449
IVF_FLAT,15701,101,100.0,12430.88230935657,12435.88230935657
IVF_FLAT,15701,201,100.0,10852.296307795805,10857.296307795805
IVF_FLAT,15701,301,100.0,8881.909239141944,8886.909239141944
IVF_FLAT,15701,401,100.0,10271.848749785711,10276.848749785711
IVF_FLAT,15701,501,100.0,9875.921827172122,9880.921827172122
IVF_FLAT,15701,601,100.0,9815.370214359262,9820.370214359262
IVF_FLAT,15701,701,100.0,9761.914071591493,9766.914071591493
IVF_FLAT,15701,801,100.0,8802.316894018888,8807.316894018888
IVF_FLAT,15701,901,100.0,8513.069069800484,8518.069069800484
IVF_FLAT,15701,1001,100.0,9916.784489892423,9921.784489892423
IVF_FLAT,15701,1101,100.0,9994.767067794592,9999.767067794592
IVF_FLAT,15701,1201,100.0,9810.778443113772,9815.778443113772
IVF_FLAT,15701,1301,100.0,9933.69490562016,9938.69490562016
IVF_FLAT,15701,1401,100.0,8802.871114655698,8807.871114655698
IVF_FLAT,15701,1501,100.0,8273.278497741483,8278.278497741483
IVF_FLAT,15801,1,24.88,14760.36036036036,7026760.360360361
IVF_FLAT,15801,101,100.0,11785.394363426902,11790.394363426902
IVF_FLAT,15801,201,100.0,10870.578478125648,10875.578478125648
IVF_FLAT,15801,301,100.0,9758.50724738838,9763.50724738838
IVF_FLAT,15801,401,100.0,9198.640261420707,9203.640261420707
IVF_FLAT,15801,501,100.0,9803.898835959048,9808.898835959048
IVF_FLAT,15801,601,100.0,10179.855346827824,10184.855346827824
IVF_FLAT,15801,701,100.0,8761.497326203209,8766.497326203209
IVF_FLAT,15801,801,100.0,8700.250990478957,8705.250990478957
IVF_FLAT,15801,901,100.0,10150.292822225449,10155.292822225449
IVF_FLAT,15801,1001,100.0,8189.92052799094,8194.92052799094
IVF_FLAT,15801,1101,100.0,9463.468784549084,9468.468784549084
IVF_FLAT,15801,1201,100.0,8261.870900388047,8266.870900388047
IVF_FLAT,15801,1301,100.0,8394.988191025179,8399.988191025179
IVF_FLAT,15801,1401,100.0,9218.04795499,9223.04795499
IVF_FLAT,15801,1501,100.0,9376.308318243802,9381.308318243802
IVF_FLAT,15901,1,24.88,14518.688774273944,7026518.688774274
IVF_FLAT,15901,101,100.0,11235.445072459886,11240.445072459886
IVF_FLAT,15901,201,100.0,8851.73054195509,8856.73054195509
IVF_FLAT,15901,301,100.0,9007.611029980242,9012.611029980242
IVF_FLAT,15901,401,100.0,8836.997239955333,8841.997239955333
IVF_FLAT,15901,501,100.0,8992.547489387247,8997.547489387247
IVF_FLAT,15901,601,100.0,9902.26881035012,9907.26881035012
IVF_FLAT,15901,701,100.0,8601.406804339356,8606.406804339356
IVF_FLAT,15901,801,100.0,8122.671727637159,8127.671727637159
IVF_FLAT,15901,901,100.0,9097.483949331943,9102.483949331943
IVF_FLAT,15901,1001,100.0,8383.745427651962,8388.745427651962
IVF_FLAT,15901,1101,100.0,9292.385404435385,9297.385404435385
IVF_FLAT,15901,1201,100.0,8896.038007974888,8901.038007974888
IVF_FLAT,15901,1301,100.0,8978.302936895283,8983.302936895283
IVF_FLAT,15901,1401,100.0,9778.072036367876,9783.072036367876
IVF_FLAT,15901,1501,100.0,8633.275013893748,8638.275013893748
IVF_FLAT,16001,1,24.88,14129.84772941652,7026129.847729417
IVF_FLAT,16001,101,100.0,12743.608908334092,12748.608908334092
IVF_FLAT,16001,201,100.0,11388.281292424654,11393.281292424654
IVF_FLAT,16001,301,100.0,9308.677704292246,9313.677704292246
IVF_FLAT,16001,401,100.0,8607.055057355687,8612.055057355687
IVF_FLAT,16001,501,100.0,8461.205140102076,8466.205140102076
IVF_FLAT,16001,601,100.0,8584.682140079414,8589.682140079414
IVF_FLAT,16001,701,100.0,7423.941094217392,7428.941094217392
IVF_FLAT,16001,801,100.0,8275.400520874438,8280.400520874438
IVF_FLAT,16001,901,100.0,7679.906251144395,7684.906251144395
IVF_FLAT,16001,1001,100.0,8689.976380889238,8694.976380889238
IVF_FLAT,16001,1101,100.0,9501.198323705969,9506.198323705969
IVF_FLAT,16001,1201,100.0,8900.19097737979,8905.19097737979
IVF_FLAT,16001,1301,100.0,9314.46591161448,9319.46591161448
IVF_FLAT,16001,1401,100.0,8555.439061703213,8560.439061703213
IVF_FLAT,16001,1501,100.0,9684.601353067492,9689.601353067492
IVF_FLAT,16101,1,24.88,12770.381195956645,7024770.381195957
IVF_FLAT,16101,101,100.0,12045.674899483056,12050.674899483056
IVF_FLAT,16101,201,100.0,9764.413921545804,9769.413921545804
IVF_FLAT,16101,301,100.0,8868.387778834973,8873.387778834973
IVF_FLAT,16101,401,100.0,8643.950291614286,8648.950291614286
IVF_FLAT,16101,501,100.0,8499.440706816893,8504.440706816893
IVF_FLAT,16101,601,100.0,8668.424750961021,8673.424750961021
IVF_FLAT,16101,701,100.0,8732.493597884699,8737.493597884699
IVF_FLAT,16101,801,100.0,8961.422100675156,8966.422100675156
IVF_FLAT,16101,901,100.0,9687.06175804887,9692.06175804887
IVF_FLAT,16101,1001,100.0,9426.037710407443,9431.037710407443
IVF_FLAT,16101,1101,100.0,8590.836286176596,8595.836286176596
IVF_FLAT,16101,1201,100.0,9486.79996381073,9491.79996381073
IVF_FLAT,16101,1301,100.0,8850.236326806213,8855.236326806213
IVF_FLAT,16101,1401,100.0,8843.891536288113,8848.891536288113
IVF_FLAT,16101,1501,100.0,8421.958957471588,8426.958957471588
IVF_FLAT,16101,1601,100.0,8132.909330644536,8137.909330644536
IVF_FLAT,16201,1,24.88,14506.637152837824,7026506.637152838
IVF_FLAT,16201,101,100.0,11684.59995542679,11689.59995542679
IVF_FLAT,16201,201,100.0,9962.00745790086,9967.00745790086
IVF_FLAT,16201,301,100.0,9985.724829178867,9990.724829178867
IVF_FLAT,16201,401,100.0,8627.41484285009,8632.41484285009
IVF_FLAT,16201,501,100.0,8465.47450853752,8470.47450853752
IVF_FLAT,16201,601,100.0,8357.184984458436,8362.184984458436
IVF_FLAT,16201,701,100.0,8033.218417222094,8038.218417222094
IVF_FLAT,16201,801,100.0,7549.8226982269825,7554.8226982269825
IVF_FLAT,16201,901,100.0,8258.61736271093,8263.61736271093
IVF_FLAT,16201,1001,100.0,8632.919625398785,8637.919625398785
IVF_FLAT,16201,1101,100.0,8572.400261608895,8577.400261608895
IVF_FLAT,16201,1201,100.0,8060.079172912103,8065.079172912103
IVF_FLAT,16201,1301,100.0,9609.384164222874,9614.384164222874
IVF_FLAT,16201,1401,100.0,8587.31855127654,8592.31855127654
IVF_FLAT,16201,1501,100.0,8731.584644849696,8736.584644849696
IVF_FLAT,16201,1601,100.0,8618.019683987754,8623.019683987754
IVF_FLAT,16301,1,24.88,15270.894924634093,7027270.894924634
IVF_FLAT,16301,101,100.0,12165.5132407112,12170.5132407112
IVF_FLAT,16301,201,100.0,9133.937282229965,9138.937282229965
IVF_FLAT,16301,301,100.0,8263.17303335369,8268.17303335369
IVF_FLAT,16301,401,100.0,8257.641801035576,8262.641801035576
IVF_FLAT,16301,501,100.0,8046.317647284517,8051.317647284517
IVF_FLAT,16301,601,100.0,9233.064036806303,9238.064036806303
IVF_FLAT,16301,701,100.0,8885.8607686115,8890.8607686115
IVF_FLAT,16301,801,100.0,8355.353692304627,8360.353692304627
IVF_FLAT,16301,901,100.0,7744.998615086326,7749.998615086326
IVF_FLAT,16301,1001,100.0,9333.742795469212,9338.742795469212
IVF_FLAT,16301,1101,100.0,8337.250536693966,8342.250536693966
IVF_FLAT,16301,1201,100.0,8154.888884568273,8159.888884568273
IVF_FLAT,16301,1301,100.0,8929.941024931337,8934.941024931337
IVF_FLAT,16301,1401,100.0,8343.054920136057,8348.054920136057
IVF_FLAT,16301,1501,100.0,8468.551122597319,8473.551122597319
IVF_FLAT,16301,1601,100.0,7962.306129809974,7967.306129809974
